Id,Output
1,477.9743524620579
2,115.98030808423547
3,97.7385078634587
4,141.2847805427416
5,203.56744641151138
6,173.89948209255385
7,56.33580391026631
8,126.21829625357212
9,78.75430162824078
10,90.70103513569057
11,43.29935020506386
12,74.74974957817902
13,288.8181907802514
14,48.118944933956456
15,155.0819553676386
16,17.411996827563
17,100.56098246002895
18,47.93648324406291
19,216.25403248915913
20,83.29517265745247
21,82.49258387833409
22,56.995527626370205
23,65.92892411858621
24,70.57819043947737
25,50.66247465542357
26,26.44833628424403
27,68.20734022642094
28,100.77898691237044
29,131.7978517725893
30,42.186314817072
31,52.99596902344871
32,49.3258434351588
33,67.37326154862194
34,60.41104702087538
35,53.07075346036453
36,124.52739136567597
37,57.62383318465412
38,121.2768625062567
39,181.3977688875081
40,58.72069561755806
41,66.02815429872454
42,81.42004140007299
43,59.222104976014144
44,30.790246254358983
45,63.429051473791574
46,443.3529348771756
47,134.05192271653652
48,50.95855727970657
49,52.97160051932124
50,64.32375034779275
51,86.52069419285408
52,54.2404667046129
53,57.27363485934343
54,93.37822046038153
55,21.448568750177074
56,363.68703508602414
57,275.8362042743033
58,58.558021817472785
59,229.44822994231006
60,33.78689747033326
61,45.817175024745765
62,27.064505757584282
63,51.31372343218936
64,308.93839000988646
65,29.37372591135759
66,98.98109627058943
67,314.3711513117962
68,111.62999281894086
69,83.88207673072192
70,62.534428730967555
71,64.99502620119459
72,75.61348216343579
73,95.63606383039507
74,63.3121869363158
75,46.38752778045547
76,106.17520155903483
77,65.45886360304617
78,54.53383814592201
79,34.79206326807112
80,49.77900477521035
81,58.75403750725802
82,57.28907294715721
83,51.1144052809567
84,28.229174587451503
85,233.41593551744774
86,108.18990189428038
87,38.19566138251837
88,89.89631142465366
89,48.133660603583266
90,44.3552198467066
91,441.4557767144724
92,226.6678379057958
93,75.0011078991835
94,410.10716677152095
95,108.91824416708404
96,54.066911778838644
97,122.28551086208861
98,50.322891970276864
99,43.307320084877446
100,58.7418765496068
101,57.742069441413534
102,68.08041252186469
103,351.75856225564564
104,121.39705162879483
105,41.96971257730758
106,46.6312875054774
107,45.81705299020544
108,56.53480138673912
109,45.42260522902424
110,66.4989984250307
111,52.30175590385558
112,41.58900514253544
113,243.32963305399534
114,81.12908590842832
115,55.736764616646624
116,100.16929094210546
117,57.81207062358445
118,42.59140004922338
119,336.37025226424794
120,162.53962583012844
121,45.299018317642236
122,199.88895943597288
123,63.64214079234782
124,119.5797050313684
125,193.22180861736237
126,49.575235669213626
127,299.39008480609584
128,54.70064131594468
129,388.42523546815625
130,55.01267110172189
131,40.2765633430531
132,55.13869325706136
133,206.9867089954343
134,294.56043936615845
135,53.2987290003926
136,47.928373227434534
137,78.89731971748728
138,55.26660351868787
139,34.49757216437517
140,32.1834165708017
141,55.43289363980399
142,354.5960299444543
143,52.11268817165322
144,37.434822937128814
145,22.306346797255976
146,110.52498753926169
147,63.14364846465317
148,131.8432598686628
149,107.90918980386041
150,52.10391574378767
151,58.70730860774118
152,46.88958457928876
153,55.27228621819756
154,97.80659811976582
155,55.87391027053988
156,60.605700299681544
157,107.30806619878435
158,112.29572792527182
159,55.20151561637911
160,29.441171952289416
161,1.0080708131048501
162,30.214845219951776
163,45.81711478294868
164,67.14572672404024
165,100.95721869274641
166,63.03624942503009
167,55.56897187214177
168,117.00054183501179
169,54.04729623852499
170,-9.681176309551823
171,115.07906429053237
172,42.030627707205056
173,29.382287490907686
174,71.2808875563685
175,29.16258144665334
176,51.49195846931646
177,75.35003474316932
178,39.431788874055485
179,93.49393992973474
180,71.2531607571375
181,48.00876606780815
182,38.10111275562995
183,53.199475642269434
184,48.92838891382871
185,32.63757307529566
186,34.45882253128053
187,104.03542155026409
188,58.27484087448255
189,45.96869808849003
190,28.95981882721906
191,57.982641481072854
192,123.52935407377119
193,52.13114106992559
194,58.22134906802921
195,55.42393814020383
196,62.51022908108406
197,68.93062954546266
198,61.07798249153832
199,154.03108054001342
200,83.20814276542508
201,55.741391071760404
202,47.45063323862003
203,74.85403320281631
204,51.20833402468001
205,318.082908406404
206,347.52150148210245
207,36.797662192223726
208,63.72019757114778
209,272.3430621288011
210,107.56301573618181
211,126.06852288533726
212,33.65658771675215
213,86.32909344884865
214,54.77356378542087
215,35.402373589511924
216,298.6870366220702
217,65.11895789043129
218,34.414832265351464
219,86.77176574099022
220,53.47708379948272
221,20.409420514733792
222,162.652461225711
223,108.82789514467456
224,67.02438661049908
225,48.16501429626288
226,39.778296333342276
227,38.58873279815198
228,39.87443514793444
229,71.44498614743489
230,57.35171413078
231,45.13999083770115
232,147.1629430691097
233,122.05356991368937
234,90.95607216890042
235,51.78346888039276
236,46.58369100123342
237,41.54917746727648
238,87.6197257793713
239,43.26598327639818
240,49.05351245007424
241,7.893876470508465
242,301.34279663408444
243,45.90088269735119
244,76.46747236484609
245,52.65135979479742
246,54.64776707080533
247,41.13758470127426
248,78.3735753298194
249,51.22936331847616
250,200.298870421988
251,29.83097835893099
252,69.14485763007619
253,105.34007983748782
254,42.98102143402552
255,67.67126635269875
256,64.56693109941278
257,24.826430114051778
258,67.44264871908833
259,322.1507158724118
260,212.0755977591699
261,65.191225181893
262,61.006473387484135
263,50.1820425196028
264,222.3989351543117
265,80.89440142743243
266,346.3520639494
267,55.96259201800032
268,58.6734260565704
269,73.1133045722485
270,123.36934749632425
271,278.8752068200182
272,45.504283883158436
273,54.827296022728774
274,76.69252127682121
275,54.87931229870087
276,190.13378403716717
277,53.77284877791557
278,229.40058417279187
279,41.66750223920722
280,28.883482744593874
281,338.1560005681353
282,47.58335182344397
283,132.60646413679856
284,47.43400923351342
285,14.32043800763741
286,284.7085042230712
287,50.7888985866186
288,193.69700663781674
289,54.42411797255214
290,58.9890494404396
291,42.96932310550213
292,67.8467663360921
293,41.9467777979262
294,401.1125612702536
295,99.66745675583891
296,63.27052401757787
297,41.20469748947635
298,44.448950915365316
299,70.58448171231623
300,43.414750235496925
301,56.21133122836078
302,36.310002976996344
303,56.35985560469307
304,58.0834992347297
305,48.78134012715478
306,276.8839323848355
307,61.31513218071258
308,282.9383826795254
309,95.49914197345723
310,54.531513285252984
311,53.816015395653196
312,49.6103966062293
313,103.80750994894687
314,53.55560141822576
315,54.334868134249646
316,54.9456723624763
317,68.76006990937728
318,62.431545399358995
319,51.7574854031704
320,144.9156242571475
321,30.64168463477604
322,93.83828570522742
323,49.01602769298606
324,47.21900483284626
325,54.09771560373295
326,57.02812666325545
327,50.0117668516216
328,55.301747464494795
329,197.8407959008323
330,54.67496532632437
331,201.1110813905284
332,40.558475136776494
333,50.76838231537068
334,89.10788221285569
335,37.33957893748107
336,60.19460278448709
337,44.912767319702496
338,49.075974660172484
339,31.758022560121226
340,73.47020027573271
341,345.9079582754848
342,76.58574509742557
343,81.3872293325337
344,105.14905097702517
345,56.026399048910775
346,57.606980663899186
347,11.862762966423283
348,46.2444577585389
349,66.31754900306981
350,78.51084098556345
351,49.60122310799819
352,225.71549533203734
353,71.52604805955333
354,74.8456888867512
355,41.46890100947644
356,52.82335784173753
357,46.24920239811259
358,46.500243381178095
359,79.17140851542884
360,164.44015128020115
361,44.85295169088624
362,218.7111937752915
363,105.4071290241144
364,51.46314043415093
365,44.70113333871804
366,100.2003349725949
367,46.83255576302524
368,95.64782105153284
369,75.52564147654519
370,64.11294802051665
371,286.2738127095683
372,39.28452783408099
373,42.700803208960735
374,63.78583696027808
375,36.13877721406608
376,58.00312191815619
377,43.24038720571707
378,52.50023339728797
379,82.56317145794713
380,64.87058283518857
381,129.19723756501105
382,22.948255315164104
383,95.68068252877646
384,61.25811647459465
385,94.02187867854971
386,93.8552548814175
387,43.75214868219553
388,51.102117845989795
389,96.3465432521708
390,81.46126799663479
391,49.21245683885441
392,55.987410412020665
393,65.46121273394411
394,60.48169197475649
395,43.68664986461907
396,43.70434159026996
397,145.66643197917534
398,182.94270117580174
399,49.46322847203461
400,50.787382812077475
401,49.81160543743162
402,61.119179964170286
403,93.29747324822989
404,74.04518113933577
405,33.67815380368386
406,72.30070885619662
407,48.79329734639176
408,51.57666165793471
409,60.683141345033775
410,115.23100521316843
411,55.12379537311598
412,67.24118965959073
413,94.45922448247745
414,55.20727703861266
415,28.858499101323645
416,109.01989991108184
417,54.421697102178754
418,142.20191074616895
419,49.29277214955257
420,55.98290188537307
421,53.96575608363999
422,136.25350823904142
423,77.00526532982599
424,58.75558268461343
425,61.82348906321654
426,161.51587682129917
427,92.41998440850116
428,108.68588121159053
429,26.44921657209906
430,40.10714235558319
431,45.47293290465166
432,74.77739407532434
433,52.54705512197117
434,49.49777950374352
435,93.13779598150657
436,403.5180051041352
437,43.805321419297854
438,64.88934292350734
439,75.48559573750924
440,62.6246444825788
441,77.6505442238099
442,40.953569772853385
443,59.14195643508994
444,137.52619697420124
445,49.23097018836337
446,50.34919235482735
447,104.40192958991653
448,57.022919002613776
449,60.00006593501696
450,165.90848927496168
451,59.48258931798247
452,89.36791026022345
453,70.7397802994849
454,62.768420739673644
455,109.3427954666234
456,62.07664310085403
457,260.0611240932987
458,63.864804003530466
459,38.240464512484074
460,39.19287550752854
461,31.988499666835686
462,44.1589348345571
463,-21.30362696691619
464,425.059226448236
465,60.07994156369483
466,93.29946262917565
467,34.155174529614705
468,-13.7945172704766
469,49.87078916373633
470,65.32326888760619
471,54.36593270971769
472,45.29899578784803
473,42.34038299703718
474,59.562534004928864
475,58.39263620709281
476,66.1436362614178
477,97.85253148397541
478,52.83777835663126
479,37.202141840533145
480,50.7158483674156
481,26.62404428490797
482,88.7272295811525
483,97.72442096899482
484,72.8103862905655
485,116.67292200772505
486,58.26743089746991
487,20.073361434351483
488,64.50938663900504
489,46.012914766759614
490,136.37515986098578
491,148.1691214775497
492,39.67873009812736
493,65.77471458993239
494,48.123638077953295
495,55.596357565322926
496,55.08945609496574
497,77.5482531085173
498,28.687126474869224
499,51.550055275393575
500,35.48417076315005
501,108.01192841538963
502,102.38624794142297
503,54.80452323311623
504,30.58104055764947
505,118.39844596099447
506,59.14885037867463
507,39.59567291652165
508,36.29885945990697
509,191.088423799298
510,65.00410589003636
511,32.50716008473817
512,121.62186372578199
513,67.87458699402299
514,166.7641348050627
515,55.49772587728374
516,59.47583202395356
517,52.592742196498264
518,51.97564799354962
519,39.37101802352485
520,33.182163263570374
521,83.86609027214203
522,52.71967120680966
523,72.54639896491251
524,52.57615029647107
525,27.975471036485963
526,55.7361983068301
527,117.63979677032216
528,285.0629393558632
529,154.61926327156942
530,261.7801868028913
531,73.6860117881162
532,164.52475550224625
533,71.10469334948601
534,253.21494926284964
535,91.69144773366644
536,98.51277873232019
537,204.24134248700267
538,49.861690671874555
539,160.96839815326365
540,162.21309369480758
541,50.47824510638357
542,53.07270895202074
543,319.3673167452209
544,62.578963931289564
545,49.848316205094505
546,75.42187499097966
547,92.16897767541207
548,92.60882902970513
549,40.00850021144268
550,59.74179949500819
551,56.911648547322244
552,55.86516198973882
553,109.77922762017927
554,100.23222584856381
555,339.1313703844245
556,48.25389613911965
557,57.03815064968962
558,70.4572083696217
559,763.2860840797887
560,110.03101679992992
561,48.06061773744849
562,53.76624973961508
563,364.3560420743986
564,46.17603912913107
565,61.71331212260515
566,87.53839208969887
567,40.75745474196458
568,45.94593456454311
569,38.533055866465034
570,198.4227945215175
571,116.89326510135706
572,127.14985370900393
573,206.89292708174892
574,19.77411574350936
575,52.684440739610125
576,42.372229444966194
577,26.489145299115798
578,284.09638654137734
579,112.2152523599243
580,133.35292356261192
581,178.84771970492164
582,55.72741770621616
583,44.056764568830296
584,57.11288267157794
585,40.48310515382511
586,214.077254861663
587,61.94666428323762
588,50.50412949552265
589,40.60079615785763
590,94.5884644572404
591,379.02165060280544
592,46.460251778105714
593,59.53207987599651
594,86.11478001094501
595,75.1305040936235
596,9.88167750990299
597,64.31547463810315
598,111.04084061545953
599,48.78608936552517
600,155.4729066551571
601,57.2056381528857
602,98.50833280556483
603,44.268074277866404
604,92.49724042092558
605,44.16745045154208
606,88.97025569542856
607,87.97087593492961
608,80.33498520481476
609,146.32276240444688
610,52.594569474215234
611,45.37207267166933
612,45.53397190654502
613,104.52980229262742
614,183.6348766513629
615,49.17283373209851
616,222.6990268980639
617,51.66648805146208
618,238.06518712964464
619,224.32916657773256
620,46.56185121848576
621,35.89182529858084
622,114.5297035000881
623,55.403057856969646
624,40.522354562839475
625,58.8979435496493
626,54.35507448475503
627,31.19983884831806
628,170.0791775780475
629,274.90705238066045
630,56.0008613394938
631,126.09000531251908
632,49.325038783740524
633,31.276957816948606
634,111.06591542282374
635,39.677079338876894
636,72.19992348424879
637,124.74789062654466
638,57.39448238823586
639,51.241455618922075
640,54.09091860118011
641,252.5067654869119
642,122.16085223840552
643,60.17854292959488
644,74.37962241942478
645,49.8007290752672
646,131.7392532097648
647,414.1858625107626
648,61.78931455736052
649,46.03807874693617
650,40.600465089927056
651,40.92083706429395
652,225.45501688994904
653,118.18514418613236
654,95.5034541033077
655,403.09013352396823
656,42.56082590642401
657,94.98675966046994
658,236.1446175937461
659,708.4878282137499
660,50.034339043140164
661,55.40881605162571
662,37.37266158366993
663,41.36581155564574
664,51.82807085791826
665,44.83342991187777
666,65.41084881416046
667,95.38703406180466
668,76.01136109551159
669,120.12345403421577
670,68.54012761698158
671,39.6980461027818
672,77.39818081117292
673,47.69093235379063
674,53.37649611856301
675,52.184569705015
676,92.11742561370386
677,163.5809731090357
678,68.08950519261577
679,136.79161886299445
680,55.79882940338693
681,84.13150399691932
682,389.63983949200554
683,79.04748073064088
684,71.67295541653415
685,54.964264483352196
686,59.40961697548637
687,62.21877243787186
688,47.478708891652715
689,51.11475363979939
690,92.27078395440697
691,91.37158347290813
692,119.30929738417585
693,624.3167135794276
694,184.20398614796142
695,69.79597228790502
696,96.73514776484123
697,211.3166589333607
698,47.69722075009522
699,37.51651713037655
700,66.07129549655238
701,120.19175883175879
702,95.96787631648917
703,37.62293197473667
704,28.918606317524265
705,41.81420654688667
706,231.122989064299
707,167.1061980839812
708,63.482798601276684
709,98.90448364802714
710,142.44940081021616
711,44.5923686741298
712,168.37935361910803
713,61.14012067323948
714,70.1229507482505
715,63.88533106179885
716,105.97990096329536
717,47.99604997947428
718,64.01799076326779
719,52.73116720684472
720,135.99598014269355
721,-19.002158674051724
722,38.72877462965396
723,50.73803532556715
724,35.441303734230715
725,106.36215966742803
726,67.30139453355162
727,60.34283918747684
728,84.61001429094169
729,35.10226513189305
730,51.009011169394896
731,79.34889456956756
732,58.41491304405808
733,276.3883732654547
734,66.68993413337327
735,49.717131984461766
736,42.65800781461331
737,41.6230278019851
738,144.0214269630647
739,54.79316494529556
740,77.68520048732339
741,56.13431480472083
742,50.03843598783878
743,-11.57595153580129
744,70.08483780756555
745,51.325012137078545
746,72.08695511238673
747,49.24269438788078
748,40.00351211711005
749,104.65362363709326
750,116.26967168298944
751,47.589120844975916
752,116.83079571187525
753,40.404294823243376
754,51.130422801433966
755,36.708269988283064
756,54.73267321370145
757,94.03437686276854
758,49.585530275385665
759,53.442456589306104
760,58.34395904236317
761,62.27079187478374
762,46.24857119380525
763,485.6842875750201
764,29.698751109041744
765,51.91136591768371
766,47.27473664411799
767,50.042189988365436
768,54.546038835240196
769,39.58984031546152
770,78.46208195415561
771,81.54518174168068
772,78.17071209829504
773,214.0626209218762
774,27.27354293302642
775,97.80451958859311
776,64.99305323321313
777,84.91648723686782
778,81.20753745923471
779,79.74688956970013
780,39.62230126948825
781,111.36564501954985
782,72.78245638576578
783,36.616983389366126
784,42.65561433604044
785,57.489942124180814
786,102.70469748841495
787,60.698945748737955
788,42.15424604245159
789,62.27463962416604
790,99.88226451619713
791,54.6557597688024
792,45.09830905148037
793,124.05866014387064
794,50.47442269382498
795,25.348741179045224
796,55.45282440159305
797,61.47116587241209
798,196.33799279598338
799,79.37716310858977
800,75.92273738115384
801,14.554651964976095
802,42.7448189509107
803,47.136283450714515
804,44.109007631477155
805,290.23704047302533
806,42.92823944012678
807,512.4333798123293
808,44.31401783999067
809,104.1212567776783
810,63.937119004050246
811,112.87517337349232
812,95.75537520191679
813,36.376645583880354
814,38.267748600740006
815,193.2229417203253
816,110.80284634264663
817,30.56428009152628
818,48.29972875731245
819,212.06033237235306
820,165.8620529064581
821,44.817060086692045
822,64.38111902556072
823,47.747317824625895
824,126.17195870873883
825,49.190401803995464
826,30.423250295795206
827,31.44970635100245
828,226.7015740333321
829,76.92381766718138
830,51.01403407080343
831,66.0352815153006
832,94.74208100011728
833,53.722585476596436
834,80.64956950774997
835,48.10230727495908
836,87.3170671536338
837,36.58690529414637
838,96.1719827450853
839,96.33665816853119
840,52.53093153359555
841,33.96806089935072
842,43.9502259732853
843,67.73137639880633
844,368.52343272642656
845,59.0882187770585
846,90.22880269366013
847,237.78247000283844
848,49.300072695114245
849,69.40906451917246
850,45.6496231998309
851,61.28640022921723
852,78.40371988373917
853,134.98052418985708
854,25.804575779071396
855,73.33374137853497
856,44.4720886348687
857,49.129664262572554
858,146.71571635149502
859,38.88867427308132
860,59.49399021430921
861,511.60664043812244
862,369.6797403598109
863,74.48089276064132
864,92.02940350307134
865,64.0638569094381
866,37.938521011841146
867,46.14651747001821
868,47.4038685341129
869,27.632847326748536
870,50.80759744586351
871,59.62845883335309
872,370.87266697647533
873,59.30108724581054
874,51.59635968679484
875,375.3108010850525
876,92.33187106820017
877,54.21341047115668
878,77.66438296842992
879,40.492142193586915
880,191.53287023526778
881,39.22927903466134
882,63.528864221334786
883,165.27491056233814
884,45.68189646998066
885,47.440946467518614
886,-0.9960210047870162
887,51.270146083077265
888,105.82426867443253
889,393.6046206588257
890,92.7077730869434
891,63.97836400714086
892,50.8087493707168
893,48.77306484651294
894,59.89864886474811
895,53.87533400466984
896,59.979307152418116
897,263.9002782644341
898,47.5601793544303
899,59.57257534950951
900,42.92735662799558
901,53.53111272032214
902,36.68268476458808
903,36.86287397550082
904,52.9632620739565
905,70.02026026502772
906,423.1511533648633
907,58.25503966486693
908,146.56861641961007
909,47.913312508146454
910,32.029526229771335
911,90.59895392929262
912,212.73120045356055
913,-1.8964601486969141
914,133.36901157888138
915,46.135146756923874
916,59.60212528409865
917,53.25461080491591
918,96.10552444513131
919,108.64183436548674
920,537.1271997830083
921,51.979731388908895
922,81.01712863803803
923,53.8510960595634
924,49.45773432830457
925,66.38358201726783
926,35.25268098955013
927,38.75582765331811
928,41.577105631320194
929,45.720456764189294
930,55.19647013800156
931,72.21287638496685
932,58.08109236704222
933,334.2496856112846
934,44.77384982244298
935,60.524416086012565
936,160.93282860487562
937,67.60685651626821
938,62.35964730986485
939,395.10777567094806
940,50.07538693541727
941,617.5778125611198
942,42.25126311720841
943,302.5383188552144
944,51.68053903737835
945,30.076660989646754
946,342.7950817412394
947,54.66150395515618
948,56.604661804481
949,69.5272241689048
950,60.19609797941354
951,95.47377204516152
952,61.23944776347132
953,76.12875968940313
954,61.463340291938835
955,331.0241562915346
956,48.15753753138
957,42.68657567676557
958,139.08921733480645
959,60.1934180356469
960,97.98339924099062
961,45.29650234885929
962,16.4269110493755
963,71.92608155894344
964,220.8444142436439
965,228.3311045905574
966,49.298761380406816
967,52.676566513169135
968,64.16641063743204
969,43.88250931337844
970,35.08278023471601
971,54.46583460765122
972,67.17307091545717
973,76.72152455477298
974,100.278145743682
975,44.4214139509011
976,136.17317412713538
977,64.66680039867447
978,36.611287957592296
979,49.48764797228508
980,61.95728490704917
981,46.821427064480275
982,48.8575989636758
983,43.95089010804337
984,53.905302199139044
985,67.85423106382189
986,321.67352899662933
987,60.40889090883043
988,32.155836477550906
989,70.77872394046736
990,71.89381285796222
991,90.58640408212864
992,45.66919598892685
993,43.71413791912225
994,106.62850755686271
995,37.17359603181142
996,55.480210476359765
997,197.18694256159193
998,47.47741383496056
999,53.398925105080245
1000,60.473058686476236
1001,59.563780676657146
1002,51.049466482808135
1003,57.30990544341622
1004,43.7170187198152
1005,24.694037231019877
1006,57.878298458675204
1007,53.326805447362574
1008,79.62974738272808
1009,51.01047683443565
1010,126.65786010197775
1011,78.0314250552573
1012,31.711819696775308
1013,132.46171861798075
1014,75.8159360613989
1015,42.785624702735866
1016,472.5004444675777
1017,28.445231140940415
1018,116.97552337270395
1019,69.29383986411817
1020,58.47047139824991
1021,95.02196609932568
1022,363.7343072939125
1023,288.4702893235515
1024,25.598240167879176
1025,51.142319889071615
1026,48.125830278608916
1027,65.8161989094703
1028,28.295807767576825
1029,52.252852826072015
1030,210.29373439140488
1031,63.37817864722132
1032,34.200027855106825
1033,102.56445695607138
1034,166.62781757140016
1035,57.730925784810815
1036,145.15874894129917
1037,315.71949581750573
1038,34.959804100565904
1039,41.34190964129133
1040,95.95875782686045
1041,86.91113479632365
1042,58.01886275024138
1043,53.22823238286803
1044,21.213229130629628
1045,105.56978461228579
1046,51.2710559141001
1047,53.408780843951746
1048,66.81359742199882
1049,234.51507641307427
1050,38.25240434312262
1051,82.03330976389037
1052,90.50398348774422
1053,47.372203494154945
1054,45.692920520506306
1055,42.38012640943792
1056,43.498401511979395
1057,54.63247884376496
1058,104.67740795534641
1059,3.7697913146569553
1060,118.14253906763211
1061,213.4169958704514
1062,366.322260784169
1063,105.04293637999524
1064,41.87985802104026
1065,108.76847373749104
1066,101.21267021412629
1067,57.828828077805646
1068,29.380388502120347
1069,60.20582885976377
1070,209.30056309788336
1071,59.3787745479994
1072,57.25614157403308
1073,294.9574712253959
1074,45.134336364307686
1075,220.46241615830388
1076,406.14509532865134
1077,-51.09050079416072
1078,29.77868259565595
1079,41.64932505503542
1080,55.43251944730075
1081,52.86648090077376
1082,158.6713004842617
1083,100.42519610653135
1084,43.101842449274095
1085,45.87367534166616
1086,96.59334489324178
1087,29.51476173551842
1088,38.2725020490261
1089,59.476810942439265
1090,49.57414703417926
1091,67.43210711173995
1092,150.56878254915807
1093,59.181839019511614
1094,67.61588686562871
1095,23.824840971528896
1096,96.56095735037051
1097,55.09224401162002
1098,28.6344942907455
1099,38.88674933793848
1100,55.34755586218366
1101,41.102025490041655
1102,69.90466575894936
1103,64.96270715071455
1104,101.43527611436143
1105,33.152364639937446
1106,42.210681516122534
1107,69.15534119755263
1108,79.6670714785846
1109,47.40120371911301
1110,33.909686005921884
1111,77.54636655056197
1112,19.32188101881672
1113,61.99908940817896
1114,44.66175687065929
1115,44.328964129690554
1116,38.51605447784972
1117,190.93789167265163
1118,149.23841342201928
1119,34.58931458284396
1120,54.462488921063404
1121,40.181660083281315
1122,74.08804590232201
1123,66.72966223385286
1124,34.61461702925935
1125,345.9500359662493
1126,66.13564133929626
1127,226.00910353651497
1128,71.53702394912216
1129,57.4850561490745
1130,51.96661824956055
1131,48.809151369813904
1132,10.2629711771752
1133,93.52349326213712
1134,49.02305302854474
1135,77.39071488363666
1136,49.17758104830108
1137,60.56329598167591
1138,65.5466820595579
1139,61.40090292827906
1140,331.4893807841312
1141,105.49989646126468
1142,93.27708021991529
1143,95.69173108696413
1144,105.28172628318094
1145,63.232533435744614
1146,76.03142840631891
1147,42.449799757267115
1148,45.704995379684746
1149,37.185617015495346
1150,382.8861557650016
1151,148.54304341153156
1152,51.26778524076376
1153,95.77929103414132
1154,373.1069960752186
1155,39.255957939239295
1156,49.66219495033455
1157,33.022567296720425
1158,50.35521560345727
1159,313.72348555771987
1160,99.22554883570614
1161,61.2311267295122
1162,51.582781257720924
1163,215.24232214273175
1164,47.710795840539376
1165,54.04697945161644
1166,45.415741824057534
1167,25.84227199676647
1168,70.28846116290674
1169,98.6365139788108
1170,53.01124341819744
1171,58.50717257725174
1172,28.842609003805894
1173,44.41233891886516
1174,104.53277104839918
1175,45.062179704492905
1176,176.74160330397342
1177,417.4890685369563
1178,56.69751532220678
1179,106.18939265277531
1180,124.59149281162729
1181,68.65870398059475
1182,72.33513125318379
1183,156.58681238048797
1184,1.0101088822497164
1185,53.11372182612277
1186,307.51071095234846
1187,62.89184671837502
1188,35.04467928093805
1189,58.640257489541305
1190,46.96429956581321
1191,80.67030232954919
1192,13.948317746121038
1193,52.342351863480246
1194,131.4377830856631
1195,48.078724714152365
1196,132.02751201233832
1197,49.426545568977446
1198,95.7412359813962
1199,578.5626720281284
1200,54.50391612982425
1201,61.11322821687118
1202,124.3488017571668
1203,30.04586548673793
1204,53.78400677404486
1205,66.82500433512797
1206,63.28436845167764
1207,50.46855914911123
1208,77.3807078156352
1209,107.24524831532247
1210,58.72447034106766
1211,57.21343510496716
1212,158.85227637943652
1213,70.692049635823
1214,32.31021786948781
1215,46.23959149295977
1216,320.06200248135104
1217,93.71800448252316
1218,43.47536574339265
1219,62.75642504806075
1220,56.19469206686172
1221,103.28026017957427
1222,50.63443892043095
1223,48.858586124099226
1224,29.322850913522792
1225,172.15605911529684
1226,72.87926930611746
1227,47.80486700518361
1228,34.29861065115068
1229,63.921979034633154
1230,57.11134366917715
1231,183.8967558027491
1232,43.042864752263114
1233,301.5915417554153
1234,64.9800582513054
1235,27.028433453344746
1236,63.09658119803614
1237,119.83230047263133
1238,165.66562384074666
1239,53.89451358377176
1240,47.281159524163094
1241,87.1699194530681
1242,76.89176009786692
1243,97.19988011833037
1244,56.888346634065286
1245,79.08242356972875
1246,51.18344722706318
1247,53.28571081004215
1248,31.11452881812292
1249,40.91620358596303
1250,50.147010311254164
1251,94.40239817853356
1252,76.02387332287718
1253,68.21233221527923
1254,80.67277749442798
1255,233.00107928727067
1256,235.03906973494458
1257,7.038385806133797
1258,50.79371273037555
1259,155.53880307680794
1260,316.9825819596123
1261,53.32939502532352
1262,242.1978437044467
1263,40.187218765104845
1264,55.16951315485614
1265,142.4715322260717
1266,73.67598973253328
1267,336.63472151542754
1268,50.15671697864127
1269,63.74021015273519
1270,62.59545017421296
1271,42.46758509482307
1272,59.18303271164243
1273,78.39676462159551
1274,163.6763832303573
1275,60.37455177048852
1276,107.36023701898156
1277,96.92197451497005
1278,50.92724064934508
1279,77.85557399762868
1280,69.21691787818946
1281,79.7541317838949
1282,48.320635881792775
1283,45.68708891365337
1284,41.70192743590185
1285,43.82801740800626
1286,80.6017087353498
1287,63.9539999901241
1288,55.29207600738289
1289,105.55621514042619
1290,162.67403284613903
1291,249.17112223800888
1292,63.371369972124825
1293,53.80757197799974
1294,48.73242423209048
1295,78.36717989748826
1296,44.74519870031667
1297,129.10892913357708
1298,361.16534002525407
1299,36.896339974850854
1300,62.096831158857384
1301,65.41373982617371
1302,145.61244993629262
1303,72.33150270390101
1304,61.23894011592683
1305,41.1239458258556
1306,39.256833471910696
1307,61.27312427086129
1308,218.36188925981767
1309,218.19205876878567
1310,55.604244608974795
1311,125.35428703427564
1312,60.71040025516176
1313,401.8713449733315
1314,45.130739298093026
1315,456.2004816359513
1316,53.952760230003925
1317,35.86577123218089
1318,491.3678942773116
1319,37.809556863598345
1320,57.56970672874782
1321,85.65628851395817
1322,230.74640574325161
1323,145.03161199307053
1324,93.38385037161311
1325,358.2438125123242
1326,49.122663993424055
1327,28.10227584635299
1328,56.7049818958225
1329,311.7144223641068
1330,49.29898966459261
1331,565.6130195681316
1332,93.22316017987633
1333,206.72022392376294
1334,281.56599316769586
1335,47.44032131553458
1336,50.12183449570139
1337,119.00004172848148
1338,63.19666417864572
1339,43.2909341235398
1340,24.895158709880278
1341,357.3117465199759
1342,57.13412390759547
1343,222.3421221595957
1344,102.6306336459852
1345,94.495650342143
1346,95.91096362582022
1347,49.31413085433789
1348,112.52845175648426
1349,57.606230453458295
1350,48.260728532363615
1351,50.190743667055884
1352,54.84811064199259
1353,51.18719446584839
1354,31.824245043620884
1355,355.65657055577014
1356,70.15137128844336
1357,107.24259019745008
1358,73.10478129388883
1359,55.17432533466062
1360,66.11836915469908
1361,76.32190961209878
1362,46.41016257231919
1363,116.03317793318368
1364,53.62176706757214
1365,64.92328810330855
1366,327.4616811737421
1367,347.1845679094928
1368,126.26298859209177
1369,136.7150404571728
1370,53.65622904290578
1371,89.79529992802637
1372,75.70957310708877
1373,52.68601244296467
1374,71.67363746235759
1375,46.29475887615928
1376,46.12166099752462
1377,53.91574500832887
1378,63.431224419464755
1379,43.43144724752203
1380,56.645879503382076
1381,41.48003128673399
1382,52.45937514633958
1383,9.789339222619159
1384,61.27602712572862
1385,68.00620810427715
1386,55.588271037374426
1387,68.06606376855186
1388,112.95351139563027
1389,51.74114558290566
1390,422.75414682307667
1391,170.56351600464885
1392,55.97784817821764
1393,82.41561400066053
1394,59.03724285317848
1395,33.073808513645595
1396,57.56856149631658
1397,67.56116901094427
1398,54.82837369068423
1399,52.16591578887495
1400,61.63030947314682
1401,49.57966260953921
1402,70.64783514869393
1403,54.372016961884015
1404,156.00251885009413
1405,44.520321732129474
1406,33.681784659784185
1407,79.96275112757401
1408,41.894910140035854
1409,58.119635650001996
1410,104.58502898262576
1411,118.31604359987784
1412,41.055958944361954
1413,97.5617068365276
1414,39.7835382104208
1415,44.11147101364479
1416,129.8801357385475
1417,33.07579625598764
1418,58.50723406200584
1419,61.44743850341047
1420,40.35201318037769
1421,88.59623922188541
1422,253.6370931177061
1423,49.81683683271248
1424,87.4808147256916
1425,67.747396711638
1426,96.923024137121
1427,27.21988143432772
1428,53.04587623627796
1429,-40.209322454130486
1430,64.67237466474648
1431,68.21252944059287
1432,21.628526927784968
1433,149.61806055813759
1434,46.97302084321757
1435,137.9605930386212
1436,120.86083012406206
1437,53.875136475372784
1438,53.33784149511283
1439,139.58658960639661
1440,50.938718959379244
1441,65.53581704203081
1442,83.46006095872937
1443,74.91094232329579
1444,38.207118792151505
1445,408.78875579160035
1446,53.855322585181874
1447,51.069013856197
1448,80.65053216404809
1449,56.622236249504766
1450,263.30219139146055
1451,58.29995830076062
1452,73.48279680452065
1453,158.9260375791498
1454,98.05832368092386
1455,301.9240651256464
1456,36.51917586098271
1457,35.26006396567814
1458,120.16678469976333
1459,94.287866108266
1460,23.722982656192023
1461,38.68852567153935
1462,61.87336391253616
1463,34.238637863176294
1464,-10.305904265727891
1465,44.974748890684246
1466,274.9405667873375
1467,92.59906341042361
1468,86.51881994643591
1469,57.670905455948464
1470,27.51589351057411
1471,34.01830401733199
1472,47.29874542978769
1473,169.35512072108168
1474,97.57494158878765
1475,71.72684533262832
1476,46.09739842016755
1477,101.2990859359368
1478,112.48270268714853
1479,54.6190395503166
1480,69.02109479066871
1481,65.09972849184862
1482,53.42407411944191
1483,402.9740576797461
1484,133.41194463683985
1485,81.47559832393773
1486,62.043790428535004
1487,26.816674066867417
1488,49.96957604867899
1489,63.524891036476745
1490,39.87917266968287
1491,105.05348033899737
1492,39.73538166228009
1493,102.86570974884151
1494,50.4918920394513
1495,106.32997960709943
1496,60.9880529576583
1497,43.843650119049904
1498,92.06075867226345
1499,45.42597464594653
1500,67.64992669237049
1501,52.26683387992975
1502,549.8613541042286
1503,45.35022987747132
1504,32.66056313209904
1505,66.54228673486033
1506,51.322139569667485
1507,47.28922012326801
1508,41.96184289752686
1509,25.236785230015414
1510,74.62596179778066
1511,87.4388491231615
1512,97.27020534467968
1513,50.416357421247454
1514,38.83208437423614
1515,59.23075101465539
1516,134.11734247685092
1517,55.702621142859314
1518,174.90918190736187
1519,53.92151827955054
1520,75.4138660529434
1521,51.30633139434438
1522,94.79975430028236
1523,89.65652160043032
1524,61.96130036471905
1525,174.084081131014
1526,69.7039299697683
1527,257.7841105682282
1528,172.38700591381075
1529,106.47011217054782
1530,2.478019953105242
1531,104.48951129702343
1532,43.41078187737029
1533,32.35393307353186
1534,69.41352218503872
1535,129.61113941175046
1536,56.873429968081126
1537,299.79128871048215
1538,98.58717501592598
1539,141.4531976966947
1540,248.97366537495714
1541,48.42568021333631
1542,70.81883856700348
1543,62.82418226850065
1544,71.04957795325403
1545,52.89411128800485
1546,27.778972450322847
1547,31.98738204389559
1548,104.86079147119216
1549,97.09141797755561
1550,-38.47296932123854
1551,257.5679631411818
1552,57.62802257955509
1553,190.49995432135506
1554,51.37881311314675
1555,105.69359534032282
1556,92.26095487570063
1557,45.45728992614771
1558,353.88149818271137
1559,23.34279266545519
1560,52.971184393862366
1561,70.51999381174397
1562,18.162397393099766
1563,55.71936627493179
1564,45.83733155525985
1565,146.74030456837113
1566,8.874719671748702
1567,25.627080723446717
1568,85.43707463794749
1569,103.40248790317958
1570,81.6491452048431
1571,41.58771860634087
1572,59.808792226510505
1573,452.60509714380794
1574,79.13963570738403
1575,81.08410681707238
1576,26.03626450702133
1577,45.28631352634903
1578,95.43017195072098
1579,38.84931975884186
1580,484.6793792118126
1581,97.76880860776612
1582,47.03269984358077
1583,108.60005095594799
1584,48.190778829656
1585,37.811009935207835
1586,57.06815453551948
1587,192.79358410894315
1588,105.54872025543631
1589,68.53192565108745
1590,60.53404589411799
1591,33.61003226924545
1592,112.75219839169088
1593,54.63803026963751
1594,40.159996103521735
1595,51.671285891353634
1596,570.6483109813412
1597,69.64962032415863
1598,219.61771181549386
1599,60.65254224232504
1600,82.65266500335139
1601,81.27579324697714
1602,131.1459805969972
1603,118.40309450555549
1604,179.8910972140145
1605,208.2439456261268
1606,258.6908550654543
1607,51.631043045296096
1608,41.723962528551766
1609,65.09109195917745
1610,54.842521827360656
1611,103.70367503109014
1612,60.45067727866245
1613,89.11273226009831
1614,130.30631075650518
1615,91.0469165305851
1616,49.83465224720618
1617,339.74029894503485
1618,37.57084365996657
1619,20.161734694053063
1620,86.28225233518505
1621,265.4887069457102
1622,83.37104135232053
1623,41.19006184070234
1624,54.630764762774135
1625,99.6803701740329
1626,48.84952406085241
1627,84.84650451814302
1628,254.4580872078623
1629,48.409024597376415
1630,45.844828144862326
1631,40.76443684086193
1632,30.699676385416204
1633,31.59529349766313
1634,111.36320307147693
1635,44.69932215185105
1636,51.248693525968235
1637,48.47268858214135
1638,138.32209960488692
1639,57.69133044028109
1640,82.8398770475829
1641,64.02034919490114
1642,80.78483870497993
1643,55.17463197062722
1644,56.97584290840037
1645,54.93138031808832
1646,58.76753054598767
1647,76.60726724109713
1648,71.55478948884273
1649,55.891153005738296
1650,74.0018389995142
1651,32.871596815119645
1652,81.08036787617237
1653,34.41496018231059
1654,230.96013918512983
1655,40.1733882366105
1656,60.23862269352679
1657,227.3402905946993
1658,357.5935853128074
1659,44.63144831285675
1660,40.76761172899233
1661,45.22781792739261
1662,72.80734496645383
1663,47.958929965591665
1664,137.0197463868942
1665,37.73355828674783
1666,62.62292923061601
1667,304.11824671653363
1668,86.92052939420597
1669,40.438354244708705
1670,43.321178616500916
1671,59.40852418368784
1672,45.008697979721944
1673,46.52597675946468
1674,47.122049543446536
1675,39.7317804053872
1676,65.98165672784063
1677,53.36300928636338
1678,39.87045402806203
1679,332.23961680936543
1680,62.20393414508678
1681,91.43204293503415
1682,46.91528810686853
1683,35.2073646196399
1684,17.37034926467406
1685,47.59708708103239
1686,31.10476553797669
1687,78.70345998834865
1688,270.68774827014465
1689,58.22388078563917
1690,53.44803144442423
1691,63.68799565659019
1692,57.23605005485406
1693,101.0134595849873
1694,166.78811608489286
1695,132.64524603129024
1696,461.17971568535927
1697,58.91009361186991
1698,50.54239344020051
1699,60.31034992399088
1700,50.856263364974495
1701,120.97529199091544
1702,48.35756218789829
1703,21.507338721029754
1704,108.91880790186761
1705,108.81725124759495
1706,166.62961864982736
1707,329.2684880399436
1708,290.47314835498895
1709,49.718534395756
1710,32.399075931707245
1711,35.44767841166619
1712,36.846615128372434
1713,98.85671827836849
1714,39.80278230061489
1715,35.31431384128629
1716,178.22965525272986
1717,58.780621153540054
1718,121.46433020467458
1719,104.05232350680835
1720,67.03751052383024
1721,62.52782751806734
1722,155.05192631095778
1723,37.41051701158699
1724,49.83107386240056
1725,62.35502086724442
1726,41.82000114083462
1727,-39.61635610219662
1728,58.82826570173523
1729,110.00870818218044
1730,58.59479198190574
1731,96.28374030906855
1732,90.48298282539415
1733,39.078929233689806
1734,173.47720452264934
1735,46.696045215613566
1736,88.7305434053164
1737,113.28881506826578
1738,58.899665924730776
1739,77.55433603638076
1740,32.03478612911897
1741,60.496005315706995
1742,51.55600103111706
1743,80.43991429395423
1744,331.96257943178125
1745,115.67080260294286
1746,43.16682536132525
1747,162.11880976325267
1748,116.92825612264076
1749,59.365157797239135
1750,244.77519001311867
1751,50.089246997053294
1752,56.138015420138444
1753,80.63054105762791
1754,83.56231488052347
1755,103.26437946105722
1756,76.8159026197692
1757,42.10442619133216
1758,65.74354535446307
1759,38.540387273289426
1760,32.24219509870587
1761,57.49725990789949
1762,106.82791048706429
1763,79.30289226622972
1764,36.93174873270125
1765,51.44531218031963
1766,47.609838638990226
1767,86.41273162064688
1768,103.24466240572374
1769,99.98076369788731
1770,45.37707679988721
1771,161.26575492322303
1772,66.54365612923775
1773,45.966051428970644
1774,225.86783473839776
1775,325.9285287116861
1776,53.345667760222014
1777,74.17434453904227
1778,54.774005105510184
1779,58.38256679827078
1780,54.79171528487265
1781,41.45792456865263
1782,107.70038313376497
1783,33.092887183523885
1784,479.4882351141931
1785,53.733813709860065
1786,97.27084850851895
1787,49.851742121236825
1788,43.04887376450117
1789,340.31195479364777
1790,172.14011986264825
1791,55.43535783414819
1792,39.19154742732917
1793,95.70198703113604
1794,73.13212137538494
1795,73.68434241993711
1796,40.20308339549024
1797,110.85453259148026
1798,43.690365229199344
1799,50.102208751675434
1800,42.92154001131652
1801,27.501907983942136
1802,94.54464772080603
1803,132.82572348927175
1804,343.1953866388046
1805,64.4507564209563
1806,566.3026226454199
1807,54.49749075037695
1808,46.85659975063457
1809,34.704594973637796
1810,40.146173983713425
1811,188.57530201807674
1812,95.4611808253157
1813,122.23426003713999
1814,56.125567518979906
1815,386.006358519784
1816,201.37814105347962
1817,45.2524528061801
1818,45.40845754200319
1819,48.842730170210174
1820,105.39943097966403
1821,54.661396439391865
1822,88.47172884943161
1823,92.59587696994456
1824,49.8035054153076
1825,46.948608725824656
1826,220.3966566047299
1827,66.00052954559163
1828,68.81444566131678
1829,49.10204064878648
1830,56.242078132117896
1831,39.25472557485017
1832,79.24006940341269
1833,54.224058072942015
1834,169.75802344565923
1835,56.93989120564997
1836,136.56003339433713
1837,57.72320307724338
1838,79.16862899506137
1839,91.05096092531517
1840,36.328452099677705
1841,54.740759308655775
1842,50.167440681593845
1843,40.906499257461896
1844,59.775419474558944
1845,102.98192116379255
1846,162.2805341177181
1847,48.53640733649373
1848,371.38536134223057
1849,42.466815499220694
1850,730.109680641747
1851,46.15623227043535
1852,127.47704264956661
1853,51.80441407389458
1854,90.14819548500154
1855,129.14203571556496
1856,59.126576614648584
1857,44.80815213010244
1858,61.888905259092496
1859,56.044361109777
1860,35.5285883975753
1861,77.19062230245811
1862,459.97532935880633
1863,84.96899034665356
1864,45.19846356526811
1865,42.116398860919446
1866,53.0103981958243
1867,39.08721917216534
1868,43.50225797886187
1869,70.34670183298904
1870,347.2686511789706
1871,34.508769996632424
1872,55.29207620083979
1873,65.12068821909449
1874,47.450994275164184
1875,58.61857208736285
1876,4.193986327730496
1877,39.59747724224267
1878,36.90134017239342
1879,258.28027875679146
1880,60.72377910274186
1881,399.2186678424846
1882,32.62260349618005
1883,34.11593776640302
1884,96.96966342302827
1885,95.02234954429777
1886,50.45237397046435
1887,23.43423876735767
1888,27.816864864108837
1889,69.32066001486754
1890,33.598034416317816
1891,49.593129239248455
1892,61.50042749779229
1893,139.326639337902
1894,44.67876829483481
1895,88.92914000488703
1896,50.094449757995264
1897,68.52187379601375
1898,119.74756427442195
1899,99.03088325501523
1900,275.7791463887155
1901,34.208173564180235
1902,107.43845563023885
1903,101.92269829190951
1904,50.90286616500387
1905,95.15271629755863
1906,42.15682353036866
1907,140.16302774405517
1908,51.66387098621949
1909,33.47531312273482
1910,185.2100179513372
1911,59.20479311013305
1912,35.91452875475481
1913,57.71062021671922
1914,88.01971809501953
1915,42.15317810942444
1916,59.887153765132
1917,87.10126382161357
1918,95.95208586007797
1919,26.65723255997694
1920,68.98360327756686
1921,56.189636631012625
1922,286.5207656819821
1923,44.03352200828407
1924,45.03479228358698
1925,29.907907913391895
1926,53.36159866008259
1927,44.03502136903148
1928,38.33590428312831
1929,42.48017398712301
1930,54.90101639295477
1931,56.532547987784596
1932,238.88660226385676
1933,338.62122057016495
1934,60.26000505678824
1935,122.90349284173209
1936,50.492410489245884
1937,36.494474943106
1938,64.64657497929859
1939,71.17875740274788
1940,93.60003086738857
1941,74.21067137064537
1942,50.401510606394865
1943,56.15678293380694
1944,56.1832326739069
1945,48.81934588106745
1946,75.8473881569525
1947,36.249420324376345
1948,127.09447758654997
1949,78.0675727158053
1950,34.55382878005881
1951,111.09407966057782
1952,70.45850310072512
1953,72.42774217166306
1954,101.18661997171165
1955,41.56228328625252
1956,47.59372142762943
1957,111.70176568404278
1958,60.81665354575725
1959,66.58432368025998
1960,44.69186744157385
1961,43.16107670056772
1962,49.413328456412465
1963,45.89520568512911
1964,50.993783690457235
1965,124.87109711559853
1966,40.03240932688523
1967,85.61294403250503
1968,125.41431310645075
1969,47.59166865809311
1970,45.609291031480744
1971,39.09858845826
1972,33.58818903174715
1973,52.83132499023686
1974,360.0693888413098
1975,61.901558122998736
1976,34.876810617790234
1977,38.065606308585664
1978,89.8493928670479
1979,242.66394446167214
1980,110.01454284612242
1981,91.5325345160045
1982,88.93599566329824
1983,81.337746412771
1984,72.54875067858123
1985,50.10254515188233
1986,45.86696843472331
1987,239.35555920084164
1988,49.25265112820779
1989,53.51251758042715
1990,50.657540886671754
1991,48.199975853748526
1992,66.14544100648293
1993,49.60652025220142
1994,121.15258011972044
1995,63.616286085979624
1996,62.231216149006826
1997,129.83297589901835
1998,91.66788418917403
1999,25.158449541798582
2000,71.84959650819201
2001,62.083873758720195
2002,55.53973132335649
2003,47.86175723302019
2004,46.39299067792257
2005,46.53893312304349
2006,38.690722472579715
2007,41.767002459779526
2008,25.109314133249995
2009,163.64987985327778
2010,70.32331575855463
2011,54.21349992774015
2012,38.36161065861252
2013,108.23037138898665
2014,54.08509237827748
2015,31.620694503527055
2016,57.2676257408789
2017,22.680985370189795
2018,-6.542811348285717
2019,171.55970870540756
2020,48.92740380072267
2021,121.8106842940935
2022,66.12889440467683
2023,44.310744043604316
2024,49.96954430089015
2025,25.53389123365291
2026,207.52298949618032
2027,125.9620230564903
2028,53.974323268833835
2029,46.775346979728454
2030,120.2325650324808
2031,90.28854564714426
2032,107.93136957408421
2033,54.14833479664365
2034,63.10535114015249
2035,316.59407350133307
2036,51.738347772774176
2037,58.36060404534799
2038,64.08185955899067
2039,48.399255789313436
2040,218.41607972340432
2041,44.02877315688487
2042,200.4220594235868
2043,107.13780923968672
2044,112.17535047035315
2045,197.36333466288926
2046,-33.20379200006958
2047,206.29574417444678
2048,97.64556252094393
2049,58.83797540392591
2050,82.54753551307792
2051,44.9967552913445
2052,53.01808556725664
2053,54.21976243539971
2054,51.369839934242655
2055,102.72597937245226
2056,75.47819891695005
2057,47.02083706002399
2058,39.93584205417311
2059,60.48453345754011
2060,46.82600917315842
2061,143.4728031876614
2062,29.384913058170902
2063,51.29031986965296
2064,108.39796486081275
2065,80.46096909870678
2066,33.80401224849351
2067,35.93613059836362
2068,90.6943480832083
2069,140.68448186775964
2070,66.54198927375198
2071,48.182565070648884
2072,100.1442925466116
2073,42.73188265569311
2074,85.45836750461203
2075,83.63022140937052
2076,52.438401450423356
2077,85.804416171609
2078,92.53782359002446
2079,94.37726947606961
2080,51.2388617858056
2081,31.145948910066952
2082,123.84853262864769
2083,47.228063124667
2084,47.66819783927308
2085,54.79230912937015
2086,48.206339090226535
2087,63.36883670033414
2088,87.82202443659153
2089,84.35025077919315
2090,128.55417537505258
2091,47.584061053673835
2092,47.53709052807652
2093,49.2647388104197
2094,61.933109129261055
2095,56.07798051334426
2096,60.70461162653305
2097,147.5869055059197
2098,111.24328884833133
2099,43.221455472054636
2100,193.51628500999544
2101,79.97835259899955
2102,60.756550853662304
2103,53.22764563308023
2104,50.34176126456633
2105,163.42711135283372
2106,239.6153685518848
2107,85.7426766223139
2108,54.952698281076
2109,45.78959572756652
2110,136.4183637656401
2111,61.07330244401548
2112,245.77719012639523
2113,42.8245938311806
2114,49.92161826587294
2115,70.2564956521363
2116,43.35796329005961
2117,58.1511280158461
2118,51.61928544405154
2119,77.84654481846721
2120,37.05708137935697
2121,44.8390882756408
2122,91.77013131748856
2123,64.03525614408619
2124,265.3304425312955
2125,53.48280921036407
2126,113.5440249774932
2127,51.171030427662714
2128,47.30514398817158
2129,102.1082563031583
2130,65.0112108793038
2131,58.99396041842908
2132,94.28769754509867
2133,53.370268216641925
2134,46.51475947739441
2135,52.99875331867841
2136,100.77907774000332
2137,233.57552364835237
2138,98.32624783767005
2139,83.15302690666427
2140,81.4288934242997
2141,61.32906516046155
2142,54.66605513491884
2143,39.8951110412809
2144,49.80641862500124
2145,211.2150344675378
2146,54.29868724833358
2147,40.545238787838755
2148,66.166281035235
2149,42.62071372314038
2150,48.09346442968571
2151,178.72248717185823
2152,41.13768313397142
2153,45.16769967671149
2154,155.59335055063818
2155,50.7872629652435
2156,40.52000938732941
2157,63.962871518559425
2158,69.68743687349743
2159,48.75643616238885
2160,79.76973691842545
2161,41.83582588759758
2162,67.20444429638712
2163,36.137796941027275
2164,41.473264949930325
2165,40.618149356037506
2166,43.266822714665196
2167,57.954145544563175
2168,49.717991197180744
2169,64.7051439613297
2170,138.33357135368382
2171,47.29893176245801
2172,52.754840593645135
2173,60.409396844613966
2174,300.79002621761657
2175,55.71722748032245
2176,43.939917259159955
2177,59.03343839473638
2178,59.50784585551048
2179,135.64401538834835
2180,57.183671004654386
2181,75.67078160795201
2182,33.326652694401986
2183,49.307395473825025
2184,139.4149482381086
2185,369.44003539576954
2186,81.48277266363618
2187,37.09656617032474
2188,49.30338682532003
2189,67.73083571438443
2190,98.94252420312506
2191,182.880698169122
2192,153.43117977011607
2193,28.929272077941746
2194,75.07322874137185
2195,109.62250880533671
2196,369.7181242164035
2197,104.06893661752068
2198,188.58799082973874
2199,33.95262667429988
2200,46.31834020351172
2201,70.54383721035364
2202,46.14799065556783
2203,83.75802077797846
2204,49.77280542129337
2205,336.49109844172665
2206,60.619007554160326
2207,86.5849701665369
2208,38.63485276850996
2209,50.825855150634474
2210,249.79614130668745
2211,575.4788083699343
2212,36.69610056522561
2213,33.175619275288255
2214,54.378294763456
2215,69.71776571151054
2216,52.8417713996594
2217,2.64454173249051
2218,56.31059758631251
2219,51.23905066966046
2220,51.33405540112084
2221,54.5825454114306
2222,42.328781947622375
2223,72.261235492678
2224,56.144040058802766
2225,45.08705725400502
2226,69.18758287176719
2227,55.888406003794
2228,42.286133877515276
2229,267.65396942053826
2230,111.40497470562916
2231,49.438486161688104
2232,130.93447294877996
2233,37.35663583256782
2234,70.20830584223728
2235,340.24616533061203
2236,31.88722438152224
2237,34.51588922615622
2238,171.02039018680816
2239,55.9982197963198
2240,92.11001508842396
2241,205.57288343898142
2242,101.5094774312433
2243,33.04675728643801
2244,49.664740719630004
2245,50.43599294312976
2246,116.07271412964027
2247,53.675632387691834
2248,51.04680534333838
2249,57.290824353896326
2250,35.46644538201299
2251,24.095844290801217
2252,153.01844465844843
2253,93.30409265042077
2254,178.76464449291373
2255,83.10803538739326
2256,313.6246206556265
2257,45.97641657185562
2258,79.52814098634744
2259,60.98778615178679
2260,95.2003049350696
2261,44.241476101110834
2262,49.25545123092934
2263,48.42358290344192
2264,61.001189088263885
2265,47.03930276048569
2266,49.11170179774978
2267,-6.449901244865043
2268,52.17623369196248
2269,54.454092072607956
2270,74.40297626449066
2271,48.286782320206214
2272,37.097510170894616
2273,188.57520917003103
2274,62.96280835728611
2275,442.8462101282003
2276,63.2411627786292
2277,54.51149759537495
2278,82.5637099158584
2279,45.214884196529425
2280,48.23861227449474
2281,50.75757382576886
2282,53.897224000445675
2283,200.07186424579507
2284,68.93682452117254
2285,55.69326497366204
2286,27.681544371131352
2287,46.41328328329489
2288,37.82662240734477
2289,26.27885004492874
2290,179.71806001399455
2291,34.72979241759814
2292,61.86857310503859
2293,79.88309971771041
2294,110.41168962739822
2295,71.5131206603879
2296,48.08366193921579
2297,54.05130091820364
2298,593.021010420533
2299,44.63668124448699
2300,58.39366780037676
2301,262.8330367848772
2302,106.52602331543775
2303,81.5220890367064
2304,358.95498877601943
2305,61.54131495848061
2306,231.70337927164996
2307,101.56030313398314
2308,41.703766263030424
2309,86.27553465886211
2310,46.90634051228413
2311,199.9219233462684
2312,48.15030847403074
2313,43.41226914530387
2314,50.01550603318426
2315,114.94317016223985
2316,152.82785520695018
2317,262.68118359322483
2318,335.5831797543573
2319,48.25701824117175
2320,33.56203242449787
2321,48.73304342122862
2322,144.7848348346255
2323,100.66321251516842
2324,43.91949411525468
2325,14.897636959997797
2326,47.732227315578605
2327,54.045326802701766
2328,324.9810784656845
2329,66.41570989298609
2330,84.70110662463512
2331,40.041122639925185
2332,50.586529470414646
2333,59.19392165097294
2334,46.68125641336566
2335,46.7338717383641
2336,50.14786686913929
2337,147.4457651929162
2338,72.03891994318964
2339,58.34343696188033
2340,103.51749031936937
2341,119.49469797964242
2342,48.760997584194776
2343,33.03961937660928
2344,42.778984617779145
2345,51.18176440650902
2346,55.70791510095867
2347,33.548113667917775
2348,44.441271779274146
2349,40.53972375621954
2350,65.1567438013303
2351,64.58577608230192
2352,52.700689732776226
2353,57.8753959357435
2354,125.75893725846498
2355,269.3305095845967
2356,59.735934023926966
2357,294.7040935637873
2358,89.38621526947566
2359,52.88684489892603
2360,41.27395651762336
2361,159.2225783190987
2362,39.53022564688724
2363,49.531570608011876
2364,254.89903105530215
2365,30.561331263826034
2366,68.9456747718823
2367,47.95020159125383
2368,119.21873504294237
2369,83.15763168621751
2370,90.72649856177267
2371,35.778640174731706
2372,112.81486239519455
2373,52.07551129754652
2374,25.980213672018216
2375,47.68443567144853
2376,42.13515434232896
2377,64.39624280008314
2378,207.6286952773516
2379,421.0702738950682
2380,40.53874523915158
2381,34.396891675210256
2382,51.01297089710746
2383,158.71187109388654
2384,62.55389249844815
2385,46.43444319863862
2386,42.65914926141042
2387,49.129486080058484
2388,78.32879966534571
2389,49.20570587297986
2390,71.79382066808544
2391,17.95755863879081
2392,48.980687451588196
2393,33.09852743574708
2394,59.533572860684004
2395,45.1270654189982
2396,47.98665201143403
2397,60.72839478559257
2398,89.7638937174739
2399,488.16764521876405
2400,209.17213548174763
2401,45.41702007678603
2402,43.86551567841109
2403,66.44387805232239
2404,44.655940066987654
2405,45.72937590197847
2406,47.70024084037708
2407,158.4875480582142
2408,260.16300950561526
2409,89.06292865794023
2410,51.393781248502364
2411,71.24036586407829
2412,162.7613242600421
2413,70.9727862478556
2414,143.02158213714844
2415,114.6503767015457
2416,68.48569320032854
2417,63.91376812978742
2418,282.09399823713676
2419,158.99300074447513
2420,301.8297249347628
2421,196.67362498060396
2422,42.14075693209778
2423,27.372114174444732
2424,43.12545961801382
2425,61.22945475328119
2426,65.61890840956264
2427,69.91884032156224
2428,60.53510667025126
2429,81.08189508288302
2430,45.9586026901996
2431,79.82047207708865
2432,85.59119197826311
2433,63.28295316792041
2434,28.688610661530756
2435,53.06185615890992
2436,54.90079316692847
2437,37.43094455968419
2438,57.40540741963978
2439,59.39779869683785
2440,76.92693849282473
2441,34.63524769319332
2442,31.227181492804586
2443,132.05861984163906
2444,47.15579705987305
2445,527.4095899722004
2446,264.1427543264494
2447,70.5659055559806
2448,78.00661323064907
2449,43.913328403816706
2450,21.191950982795063
2451,44.800575030743346
2452,65.32872001085077
2453,54.20593274339285
2454,295.91281478360384
2455,48.49015300520796
2456,429.64072565644574
2457,30.191675922795227
2458,373.299102550047
2459,48.065343239812975
2460,169.17852140502305
2461,272.3461544637274
2462,70.75521749501695
2463,35.15009395432482
2464,90.04689646474964
2465,42.421346996469524
2466,57.81789604539907
2467,54.28054194920096
2468,39.26700869255289
2469,46.14224775825995
2470,39.43453234618174
2471,25.715605344150394
2472,56.295331690419104
2473,68.47775421001481
2474,331.70568945946667
2475,57.36120201393558
2476,49.484655081878465
2477,58.655229759213995
2478,51.20755205134196
2479,39.83079625732272
2480,46.62158720760408
2481,43.94530390611169
2482,114.60001385693747
2483,41.84134656593088
2484,59.79978755220945
2485,35.63249678780341
2486,179.2316889727384
2487,221.93275541997903
2488,45.30488413553113
2489,103.75692951291478
2490,104.89646319432558
2491,95.31219007071323
2492,240.84252688590743
2493,382.40253080607636
2494,50.18017411654895
2495,633.2552462964036
2496,49.82835672053818
2497,51.60054213051235
2498,48.66838430612316
2499,44.45037320251048
2500,53.073061942259045
2501,61.18314055793087
2502,65.37461704133622
2503,55.1386912757779
2504,75.37071439778177
2505,48.5161824899987
2506,39.863068961304236
2507,73.46577065074649
2508,44.549514146177046
2509,104.91555296505261
2510,163.214725958758
2511,66.93814050205116
2512,51.704575460510355
2513,46.42433859381789
2514,90.87101045250176
2515,48.81258745469357
2516,32.110276979149916
2517,40.52115407503712
2518,46.120547608620285
2519,92.23888298954544
2520,46.3221803537226
2521,477.0864154862147
2522,84.13296373314931
2523,37.02958996564705
2524,50.63852181540481
2525,55.371737493557276
2526,47.816491870502205
2527,146.80033579542453
2528,59.803851318691756
2529,490.62097735012026
2530,68.62938224757616
2531,127.85376698173891
2532,35.52691458772112
2533,53.28116545822642
2534,31.89873183322942
2535,64.6678903869051
2536,76.34587544651035
2537,167.929766787826
2538,18.765897752094336
2539,52.40809764468313
2540,63.92196856629836
2541,37.8514469386332
2542,45.02446683415042
2543,56.169573502848564
2544,52.1991766013694
2545,403.74252059362516
2546,146.96976447761384
2547,40.1369624631772
2548,57.21467357678649
2549,118.46906595816881
2550,46.8024474447824
2551,100.83982865185465
2552,79.8326826541728
2553,56.549485575234115
2554,59.52856533902815
2555,69.74474946730072
2556,61.784440958240765
2557,57.69132000862919
2558,330.36143049574844
2559,42.76175000328587
2560,100.0016176891908
2561,47.91000225447728
2562,84.76369439334381
2563,61.87676832277809
2564,46.403886437313496
2565,53.836989123857904
2566,65.7059806944373
2567,47.26253619512427
2568,103.00161311004189
2569,58.77735363619328
2570,64.76298865219994
2571,60.35853927739747
2572,51.69095343004679
2573,116.24589480551282
2574,67.81668406017761
2575,36.44492319787979
2576,728.0717403648578
2577,363.48729404489563
2578,36.611266240120145
2579,48.004498159431435
2580,136.08144180234683
2581,38.36032973986131
2582,40.763404786837896
2583,52.5206791435245
2584,57.30152248775852
2585,36.36496711233423
2586,306.1320917463807
2587,276.51024953434074
2588,93.18658930551555
2589,26.60904586577837
2590,42.086954481052004
2591,92.41375459588298
2592,35.59172545616429
2593,87.73289100212264
2594,239.3651707750601
2595,36.53719542524516
2596,232.49870780348823
2597,82.92802221112177
2598,53.48185402319956
2599,226.10425088172502
2600,29.627673303652166
2601,80.18616385262365
2602,44.34566190165282
2603,87.10789145129739
2604,47.457366935944215
2605,45.151031697697235
2606,29.426494398472734
2607,48.07854781112785
2608,71.81513289341927
2609,67.2461001588473
2610,75.54394390195372
2611,345.1170847848796
2612,55.23992284796022
2613,54.37572238810929
2614,116.35560447016624
2615,23.813927602228944
2616,397.15089617230024
2617,48.95416729435125
2618,76.97593135825278
2619,56.63995447015734
2620,46.73627475298896
2621,45.0899518197085
2622,55.709092161152796
2623,54.648037052640134
2624,80.32062015769961
2625,369.4864426338421
2626,54.63672250477183
2627,51.40845290865366
2628,53.457626123704124
2629,32.51908451262245
2630,59.69971606224769
2631,38.79370916576172
2632,195.24196647118342
2633,35.08202863776956
2634,34.18617483357359
2635,66.49612871574394
2636,39.92572911714176
2637,158.87579428438363
2638,160.0357872647053
2639,398.1196792979706
2640,76.6200925422714
2641,184.124914361976
2642,43.81146998548307
2643,84.81377893554703
2644,46.51537321807474
2645,350.88191455861465
2646,108.2103809876488
2647,48.98281435801884
2648,73.5692867200921
2649,51.35959426479107
2650,41.18276878871545
2651,157.93465994325553
2652,45.36239394854316
2653,46.004477257485426
2654,94.23543249759861
2655,116.58458032380378
2656,28.837404258757104
2657,74.66597637709913
2658,333.02043962768425
2659,114.03840983731303
2660,62.36990160849247
2661,39.873913276199275
2662,40.87513759320241
2663,45.32013455653244
2664,100.28015575373456
2665,-15.154157053369465
2666,270.99431169838755
2667,483.35448517539083
2668,95.11261433392733
2669,115.10167427838942
2670,44.23630667073667
2671,228.98239896824566
2672,66.21624800349932
2673,52.369177902072565
2674,346.2113051932175
2675,257.9204669474223
2676,45.44969875314569
2677,66.23194764761777
2678,59.04515728677413
2679,74.72812742244541
2680,49.98113820523831
2681,46.972135391236435
2682,270.03761217666937
2683,87.10112613936289
2684,46.90375180794763
2685,197.19825275249087
2686,58.598822479790215
2687,58.78441497473035
2688,93.13551220610363
2689,42.906874532147256
2690,70.46174084353808
2691,48.344533538680196
2692,58.65531011528361
2693,81.90705891656405
2694,73.70798919134667
2695,49.083929850513194
2696,54.86933444976149
2697,42.33804195015772
2698,99.7090694693679
2699,45.23382189246033
2700,333.9846832495027
2701,44.83012469342994
2702,86.98010761224268
2703,54.97867450420287
2704,46.40667242089953
2705,48.12471779305619
2706,63.36353349713162
2707,48.959512704047626
2708,49.28313519843908
2709,114.23804009333651
2710,106.5779696888454
2711,34.42691886998554
2712,45.249344004214976
2713,60.04987715736947
2714,66.56883018824496
2715,75.77416275537189
2716,48.632898256152885
2717,46.9439338530198
2718,101.70265770477008
2719,226.93406875136893
2720,44.879285292464445
2721,49.051390263509646
2722,92.40077321764464
2723,170.0843329723262
2724,54.789404298931814
2725,55.88616605872558
2726,71.05447903920063
2727,45.9704127937775
2728,55.18647854401254
2729,577.0486362435795
2730,187.2592810144073
2731,372.8925109583001
2732,121.6358468684231
2733,48.246918617772394
2734,28.573181991805722
2735,50.531362134067386
2736,87.25302569366025
2737,107.51160297034687
2738,19.401907804558896
2739,52.15559658667119
2740,50.67861163829483
2741,190.6188876172409
2742,449.6851778072436
2743,75.58098265136348
2744,60.2328910269242
2745,53.77265897800942
2746,79.27075751097277
2747,52.69659946492642
2748,94.24928800588364
2749,76.36004975809786
2750,70.34761692135018
2751,91.1316199282522
2752,202.2337740819067
2753,112.06491535067985
2754,42.85456849812379
2755,200.45919443870878
2756,114.0488298208959
2757,35.16203018675158
2758,20.57979959388841
2759,48.914867072742936
2760,51.72798697791759
2761,37.585494615742896
2762,36.271607551609655
2763,32.64163057738875
2764,172.56110409844035
2765,70.77669828567946
2766,57.993519727221795
2767,41.60708110046309
2768,42.914785883278284
2769,-58.88389439299654
2770,207.54230819208428
2771,76.05867078584623
2772,101.97391730200067
2773,117.76504180907449
2774,48.78617588318499
2775,60.65810188811503
2776,35.94534836123718
2777,65.54212826262365
2778,51.808202196394845
2779,38.60405859593786
2780,46.643484926372956
2781,66.72321155131766
2782,58.332477705275366
2783,49.20888782862179
2784,66.76889704625995
2785,65.39393104990154
2786,54.74286486090388
2787,46.48789880752966
2788,67.57417837809871
2789,349.10134244407595
2790,61.35493726287547
2791,44.60267885852089
2792,91.07305358141218
2793,46.113015902215224
2794,66.8716707559415
2795,119.30906468637886
2796,32.90531338637561
2797,398.26420998122717
2798,82.04927809057449
2799,39.550038157035395
2800,91.14518929333795
2801,164.97877715242612
2802,61.034642815954086
2803,107.77366381470115
2804,50.787067404451506
2805,88.46540635756119
2806,45.89639320370639
2807,62.26884331193911
2808,133.68595377151604
2809,171.60655031961045
2810,89.47073660350091
2811,55.39829668555297
2812,52.53736273396533
2813,45.83919843988423
2814,56.52097118599708
2815,81.4209217298411
2816,46.64137431266749
2817,51.173345064008245
2818,46.72808415007306
2819,35.36448592069665
2820,60.655104364831786
2821,51.36583244227423
2822,403.09828488114374
2823,48.97467939968129
2824,119.65576744719095
2825,69.58001972908062
2826,52.18641098306101
2827,44.88715217942496
2828,37.07175224219351
2829,68.12442470551105
2830,55.94357319296921
2831,63.69221809696869
2832,45.570593270000984
2833,101.14878496645446
2834,45.33913656208787
2835,54.13715846236644
2836,85.71971434274704
2837,48.453110948283495
2838,266.177898426767
2839,51.5212185133356
2840,50.17638190943934
2841,57.135674382029464
2842,33.11116471963177
2843,46.19960721893112
2844,51.30137467362736
2845,69.38897439188743
2846,74.6169052527081
2847,75.1473502606047
2848,39.996506916598264
2849,47.101386843167646
2850,47.40102063235915
2851,76.89482992388804
2852,166.25032557764706
2853,37.312862430106115
2854,54.47347426010765
2855,44.05118878309163
2856,29.861219627100617
2857,64.57070741255924
2858,42.053540162314576
2859,115.20772442841783
2860,71.11381225339116
2861,157.56254143735794
2862,59.82100846189803
2863,51.94557170323587
2864,89.22784627307011
2865,81.74812774879415
2866,44.01171288721878
2867,200.12483504986102
2868,244.284521855042
2869,152.70353822364112
2870,39.58743289128593
2871,98.88574783086473
2872,35.58010417920116
2873,37.048278485780585
2874,48.18067544388177
2875,87.07395061211851
2876,82.3351239908339
2877,57.831344495646434
2878,76.96804530710295
2879,50.84445289124347
2880,101.63863811520417
2881,190.44972428022496
2882,91.11641186484661
2883,52.274244830340045
2884,419.7627271781346
2885,54.55430692519892
2886,21.685436479592035
2887,49.33569961005566
2888,94.20688697620633
2889,185.59921942864395
2890,56.76989170571545
2891,103.56778678044671
2892,60.640746092621754
2893,50.819266578360114
2894,34.38523149589555
2895,47.87790813027427
2896,268.18277160791695
2897,113.40788520489454
2898,49.224153512513524
2899,69.51910362722226
2900,65.87093549198858
2901,84.6900489611105
2902,637.7260479327458
2903,48.58590224520309
2904,340.06429423975686
2905,39.09482771027774
2906,26.774552684756742
2907,53.25512009435248
2908,56.265847420926505
2909,47.47512420528804
2910,56.62772476726754
2911,78.40335844285471
2912,54.86376453854035
2913,68.12964966446617
2914,55.68171560942348
2915,35.36983005902151
2916,46.24308960701159
2917,75.04598974818308
2918,34.97196599822055
2919,40.35986171139119
2920,50.49985770929646
2921,102.51796820494577
2922,61.87671878320123
2923,226.81260873176637
2924,28.29544918984857
2925,61.5283163308855
2926,48.11110516500047
2927,43.21733357918728
2928,73.91881575592708
2929,54.840317861401005
2930,117.45035343632813
2931,38.07335008647229
2932,283.84975693659976
2933,49.748552886166095
2934,117.44646499756132
2935,70.32161105753704
2936,83.64129550109669
2937,60.092167858264034
2938,46.89688927473357
2939,97.00837964088697
2940,49.67777769381385
2941,135.87749775164954
2942,43.59495743273088
2943,148.6257320605298
2944,101.96062353530307
2945,110.37924444574354
2946,51.49772059956591
2947,75.31662142449701
2948,50.97823640469577
2949,217.09557357612897
2950,155.89383577287867
2951,49.231116173554625
2952,241.49808887518253
2953,89.61398068713652
2954,50.00978771502807
2955,110.03550785608704
2956,46.176971007678866
2957,61.3722236279977
2958,53.78489978632602
2959,47.60422145162525
2960,51.075802046473996
2961,53.98077725951137
2962,43.51336645517398
2963,86.33480523512938
2964,45.910722964568734
2965,38.006962656423724
2966,249.3113049652519
2967,50.98631999625921
2968,49.31138348003117
2969,68.1724212425456
2970,37.61547928102772
2971,46.91692162455277
2972,453.9697024743281
2973,54.92940007933899
2974,154.59565243888062
2975,49.67471892532161
2976,122.59529838788315
2977,139.17381182449446
2978,64.6711472777224
2979,50.69536599489959
2980,89.49827067680872
2981,46.061933186173015
2982,124.66722922983078
2983,61.55589741485264
2984,92.71304661487451
2985,45.59684276670343
2986,57.315988663718144
2987,41.1829472369827
2988,136.17633729623952
2989,100.73008725525943
2990,226.14137381979708
2991,34.689496151581295
2992,86.13005980064432
2993,112.61609482083762
2994,43.176062052242074
2995,55.89374553010197
2996,50.342380656167734
2997,74.9713055930389
2998,72.51817294653993
2999,43.19731315962033
3000,209.7091207879791
3001,106.77572629024078
3002,128.9148968796327
3003,46.104040273175954
3004,196.0969115246707
3005,74.01132186517762
3006,40.65354547547442
3007,53.58718656001213
3008,45.934318583423575
3009,82.43025729657651
3010,57.01848136268825
3011,40.120885128618546
3012,46.54455312238299
3013,49.53072433579521
3014,48.46803294688519
3015,18.642076901112944
3016,464.0723080945269
3017,131.318881130783
3018,69.95935478613595
3019,139.63255007802252
3020,37.425439430922864
3021,251.98404253995915
3022,47.691068051079384
3023,41.179857652494746
3024,263.60477694607755
3025,76.56450681741565
3026,35.373167277793044
3027,45.14908981159735
3028,41.37503199232671
3029,64.74849853009576
3030,23.709153939277385
3031,172.9858383283003
3032,76.0880612139758
3033,52.13279832335279
3034,139.48970602866382
3035,43.42801912326556
3036,44.04791829166024
3037,38.91719624801023
3038,63.666718251130256
3039,49.643901196637195
3040,61.407585325204025
3041,16.742081712004683
3042,147.12128612258363
3043,63.095674932735314
3044,29.23829999604617
3045,61.44822713801215
3046,48.04869400336559
3047,85.8800133140271
3048,12.119684991926693
3049,27.988464759225995
3050,37.51002504930932
3051,224.33518788868216
3052,26.430235590478794
3053,62.871871040482226
3054,98.95167119880028
3055,82.07186233450366
3056,59.266507785047395
3057,55.66720613040494
3058,120.35113864916426
3059,55.161331784365856
3060,280.6329544549334
3061,79.09779558977854
3062,83.00285950583557
3063,57.76132816528663
3064,59.21652820496047
3065,65.28359144981945
3066,52.11664829801787
3067,43.56350850364803
3068,170.60046797135783
3069,60.01397252737801
3070,106.91440392684096
3071,51.9119774159915
3072,44.815508217086254
3073,59.64148380662191
3074,57.91373032585015
3075,94.59319468192263
3076,143.38179217942024
3077,109.92306382918923
3078,96.11412147579202
3079,276.47816361912135
3080,63.39641677629305
3081,64.83487740280391
3082,49.48883479827513
3083,42.86207146406042
3084,51.33981395444188
3085,58.25740422681889
3086,53.39928011355491
3087,48.75758519458776
3088,46.246717127875705
3089,154.405252243252
3090,84.06206080232015
3091,77.81619912930074
3092,283.9021275436853
3093,56.34848522776453
3094,45.202253582949396
3095,65.94030958584744
3096,37.32981624016085
3097,52.965024461583226
3098,51.85615929833961
3099,48.155618723299824
3100,414.353141756569
3101,55.84305814976686
3102,224.49790858342362
3103,79.51107344938785
3104,57.46606728388453
3105,50.60957145934782
3106,26.489278473861606
3107,85.0456775390664
3108,28.322549092372874
3109,71.07954194448462
3110,19.687913267244554
3111,102.3299511136616
3112,60.693942205682674
3113,458.933256170082
3114,59.72847349051494
3115,44.08298441244428
3116,347.49109166993986
3117,88.65290175929896
3118,36.99316213507781
3119,51.48597296057099
3120,57.95746040969344
3121,175.5219888147933
3122,356.2659447703793
3123,68.50906468283077
3124,54.532657748216494
3125,188.07769079873117
3126,59.87493341060702
3127,127.57986260986442
3128,57.43509333742998
3129,259.14656709191104
3130,31.847320375519466
3131,65.5983702517643
3132,249.42616897765515
3133,57.68371820610284
3134,63.729387792553396
3135,63.57837189775016
3136,234.70237313388958
3137,95.6360456657329
3138,60.99846565311904
3139,52.82035561546678
3140,53.11376306400196
3141,77.94848709526465
3142,73.8056805919089
3143,16.23326002888825
3144,62.69429723860128
3145,61.92003835356272
3146,47.01073398644304
3147,64.58725474506123
3148,86.36664134428327
3149,63.43428985655168
3150,49.8940309983837
3151,39.82562412989257
3152,310.05797192602427
3153,205.59080879885497
3154,149.50734448545865
3155,48.81554580614169
3156,52.66291244194426
3157,50.76225037138115
3158,48.78061022935983
3159,48.99946646463212
3160,87.70200007585883
3161,29.432240882657602
3162,38.37632927830069
3163,-31.511473419715777
3164,41.6948781491156
3165,124.17181471548918
3166,36.94256358113439
3167,87.46888523192607
3168,50.529917218348366
3169,83.10094358725354
3170,214.6209792676758
3171,51.582509275065874
3172,76.78934827813752
3173,47.457653965955956
3174,68.99754312958099
3175,34.65644099114196
3176,70.73259519816192
3177,97.65716105972824
3178,105.87741997517323
3179,45.93805683791973
3180,110.04596902527405
3181,37.530276766702606
3182,91.44877753954734
3183,95.57198625116916
3184,43.01771757606628
3185,155.7891814912064
3186,95.48962991967404
3187,63.632535437677944
3188,48.6548601304458
3189,48.039926842212864
3190,37.72122242744265
3191,50.05932342616013
3192,101.23423877283022
3193,202.92030604070365
3194,129.1415577159131
3195,33.00735554110592
3196,205.3921877058214
3197,26.115188235035703
3198,83.84927991751587
3199,63.50819425322618
3200,349.5854108862769
3201,55.39697638335693
3202,94.11472049593655
3203,65.13207245249029
3204,41.213551513878976
3205,52.322488235519145
3206,32.79893320068157
3207,37.81909976561913
3208,48.31564751660383
3209,57.26328560646476
3210,72.35366899187152
3211,129.3287121874027
3212,50.8406762249738
3213,486.31677819210597
3214,55.34261599557302
3215,50.373863412789945
3216,62.915371935941224
3217,87.72100344823762
3218,35.52298638576414
3219,72.91474605524282
3220,67.32111787663479
3221,43.0239052221761
3222,24.123084531021323
3223,46.675778302574805
3224,76.45953142985891
3225,105.85830332253025
3226,49.48941469223097
3227,53.14478482124494
3228,52.51080258665709
3229,49.186161916007414
3230,100.25693380341107
3231,111.3936185316828
3232,72.24394434582834
3233,57.06741285345653
3234,87.37557790309226
3235,145.39484256300096
3236,70.80415737647238
3237,53.32722012587336
3238,342.5143170324505
3239,55.59827554635995
3240,147.21479008129
3241,67.8236076080143
3242,54.14292085197565
3243,54.01844086311997
3244,48.20723618579642
3245,92.73905136268237
3246,51.589539214072154
3247,44.59411337822482
3248,53.972027226759565
3249,105.8853393720081
3250,59.837387151151546
3251,44.81006281432223
3252,47.47962684442736
3253,32.258480383930134
3254,242.95219397430185
3255,28.8383117381071
3256,378.7068066936738
3257,51.6040418510637
3258,69.25273582402627
3259,48.52774445793807
3260,56.75167999966027
3261,69.45695184153843
3262,142.81551228889066
3263,148.30295031722858
3264,58.86006672505596
3265,187.9952788665591
3266,81.7393182113859
3267,49.07164569448589
3268,49.1934286497294
3269,102.9353786041351
3270,49.79037950977788
3271,38.23735474427352
3272,44.500201065414785
3273,92.5168406670671
3274,530.7575521037405
3275,55.020811226724476
3276,55.12607800696314
3277,152.3441812290188
3278,140.94306412117282
3279,90.67766101373428
3280,31.326327692917136
3281,863.506139365346
3282,50.39416348161879
3283,46.41347704484532
3284,46.81766100927122
3285,49.40976755477513
3286,48.222540700563606
3287,118.41739227184578
3288,37.08246510185509
3289,107.69888460826311
3290,84.26928567618747
3291,51.663774722602895
3292,45.81726882801492
3293,238.45311435785297
3294,41.83278393674415
3295,123.97590105626784
3296,352.41811210845265
3297,49.49342192332594
3298,103.66707604850208
3299,46.599979182776494
3300,122.92979789976842
3301,41.281106999591735
3302,42.84406847639862
3303,135.4345945493887
3304,46.90793064077998
3305,68.94584287844044
3306,52.1176060759348
3307,201.1636119148937
3308,59.33350493293649
3309,101.27373615803259
3310,122.55958705670002
3311,49.117901824058514
3312,96.162147350917
3313,54.12861705773781
3314,52.51921493017913
3315,20.00805166072359
3316,425.2179002021431
3317,58.7110958749596
3318,65.03930091164649
3319,80.9130187976296
3320,473.762213759975
3321,44.22298089051001
3322,52.398018626148676
3323,97.86892395339778
3324,84.15190347128382
3325,31.93587104614511
3326,90.27462605883144
3327,59.034710974002735
3328,398.9889854420808
3329,51.91602037825271
3330,172.2704942533705
3331,159.37173552016256
3332,46.786064068406716
3333,78.97212281475053
3334,55.1188502813424
3335,60.64270857803571
3336,477.4432181548706
3337,25.39843726832813
3338,39.11141697474021
3339,31.40792165598317
3340,58.6035004861412
3341,48.76119774588875
3342,81.21946478962114
3343,46.100135644201686
3344,133.76733806120012
3345,103.29227266696088
3346,53.903917742196114
3347,27.647814104033642
3348,72.77256298556944
3349,36.32550916744161
3350,48.54635971463047
3351,44.19113996017167
3352,52.40239510881687
3353,78.3312427762389
3354,110.18429311816053
3355,65.46753574978717
3356,74.76210929181046
3357,76.43689879596951
3358,41.10244558808016
3359,41.09915276764487
3360,53.098326532728194
3361,73.83291246994109
3362,64.78358282797262
3363,50.83260885526775
3364,25.52987081345882
3365,71.1959806363856
3366,232.8322668477191
3367,412.32041143708864
3368,53.512924220774046
3369,133.10023201354767
3370,69.7368572457775
3371,55.262861918217176
3372,47.16040808756594
3373,108.89139673878663
3374,76.16493720121532
3375,110.72451624096459
3376,49.171182286577206
3377,498.11407151424504
3378,64.84107984184365
3379,48.817621188762075
3380,49.55773167582532
3381,42.13191166540837
3382,213.83455896022792
3383,45.6254941701185
3384,55.297168785603844
3385,65.88087400473836
3386,449.62556864067835
3387,51.80810740723624
3388,87.5590239929933
3389,123.16535318587425
3390,82.06855570599964
3391,80.61464760603054
3392,167.6113123312262
3393,51.05932302688864
3394,72.28357857683329
3395,95.42300123697822
3396,80.71503702999158
3397,105.3006823115201
3398,142.88651005264816
3399,137.99455549303164
3400,56.640349723737046
3401,42.462681624279654
3402,83.12484943118969
3403,67.5438788351847
3404,26.347689591959195
3405,34.395179385399175
3406,57.120288932761184
3407,38.8388204370725
3408,47.3357089770297
3409,209.368155384204
3410,53.401609203901415
3411,156.82202726256952
3412,52.85163047641964
3413,38.23869982426656
3414,89.34447937343924
3415,38.40013819368217
3416,60.55091360128942
3417,11.275890021055524
3418,48.10642799988744
3419,40.09284184600578
3420,54.08368309972494
3421,142.93175054801222
3422,443.93534213224024
3423,94.19265354512643
3424,194.33100718264245
3425,56.94540949217452
3426,50.25582472830074
3427,29.02021927542016
3428,84.18918871353387
3429,24.5937528892822
3430,-65.53554926637582
3431,68.58585976031137
3432,65.96984160458528
3433,99.90548151317562
3434,35.28663316158641
3435,99.60477823311595
3436,160.04900562280426
3437,20.32735139906271
3438,75.13417579861765
3439,38.1606324035454
3440,134.28512346529732
3441,53.68339786149748
3442,66.33552476847845
3443,48.43894746676281
3444,307.14523012501127
3445,42.351156542491964
3446,52.6643030569901
3447,60.44801636035811
3448,21.85776451813503
3449,44.46597455242904
3450,60.72814732193116
3451,297.1305338225127
3452,36.955948000331105
3453,40.821393857721844
3454,73.96851356418489
3455,61.24524895242317
3456,57.327611460364665
3457,100.72675112997479
3458,47.54641507948148
3459,46.19686868022373
3460,89.96206391626933
3461,55.9060128116751
3462,142.76085828828963
3463,83.5587145039498
3464,50.225689317691334
3465,53.71549179854968
3466,62.28040103259282
3467,30.818202512998404
3468,99.63905792522316
3469,59.63499703380541
3470,53.757670631824936
3471,55.121985725121874
3472,52.59639143136421
3473,327.79654889183485
3474,57.18393329339393
3475,34.50059117413649
3476,422.0869982322709
3477,51.76523308931188
3478,79.67178297968442
3479,45.87933331482219
3480,40.4208895697938
3481,67.51035319701012
3482,47.02234614929253
3483,41.022000646879704
3484,73.38170670581786
3485,46.80178166386109
3486,40.571396528820415
3487,52.51698127668776
3488,50.58353549916283
3489,93.93904780019258
3490,62.0264553832217
3491,52.71035066557853
3492,43.193905172460575
3493,185.10647714123326
3494,73.87147170580184
3495,102.03266524315563
3496,57.54543708404763
3497,58.626177663292665
3498,40.95866752206304
3499,27.45399171919886
3500,59.621003655664005
3501,91.8834808240296
3502,81.97857081106892
3503,82.075002785914
3504,36.70820681953196
3505,54.51584004918843
3506,44.167437135024116
3507,59.8533359222739
3508,200.46422631821926
3509,46.69308144672743
3510,33.55243201825806
3511,61.75407926518191
3512,62.295991031268265
3513,25.17161235746403
3514,51.47267022817637
3515,69.15998635409105
3516,46.74911098197791
3517,157.58666698866784
3518,50.046898229896826
3519,97.87300622283168
3520,58.87169777566545
3521,47.61962380075694
3522,49.44507978659934
3523,73.43008066202626
3524,36.265086094812276
3525,82.30684455889138
3526,112.26652057398707
3527,63.52290544224964
3528,114.05904540925344
3529,54.06579185155524
3530,70.56288717105325
3531,60.052509112052874
3532,49.225759940537316
3533,90.37733991993481
3534,51.609286143484724
3535,53.16743378460009
3536,168.91125219084728
3537,47.69103149305623
3538,68.12204398754014
3539,68.46873080856287
3540,98.60483866072664
3541,78.1879533985311
3542,61.623964911138714
3543,33.95192280465338
3544,91.37215507674757
3545,398.274835975056
3546,46.479935258980284
3547,507.8459285382892
3548,50.0796295440271
3549,79.0946436284402
3550,180.3158620488423
3551,69.29354845418976
3552,55.108622377919986
3553,43.80888562818512
3554,50.86661839442047
3555,201.93065130233828
3556,111.07606835411124
3557,60.24308149281963
3558,73.67279755797142
3559,49.87099065887463
3560,47.382461498617914
3561,39.25659728459166
3562,49.52462833043254
3563,24.9449855926285
3564,58.063443844031255
3565,46.57494833752895
3566,42.97785259084722
3567,49.74551923291456
3568,78.85119340049224
3569,215.1416822358302
3570,108.39095595359821
3571,253.54636379871312
3572,49.5320044834566
3573,53.02978721172819
3574,55.74312005288145
3575,109.17898222051187
3576,50.16105089057119
3577,64.1440022297592
3578,50.80364971764865
3579,44.104221014888296
3580,24.99228724998158
3581,57.60456860503608
3582,342.79706946293356
3583,50.03236101608706
3584,108.30602948518091
3585,54.96543593611055
3586,49.70112925533561
3587,49.013468599908094
3588,27.45195692786981
3589,42.68826148835822
3590,50.75223838198843
3591,378.90684338601517
3592,46.03451315481783
3593,55.689358579871595
3594,27.60237488465779
3595,58.18100901370481
3596,177.21077211856837
3597,105.21923105328644
3598,185.00280893776937
3599,54.61399235349185
3600,128.88093306018303
3601,43.15938043319411
3602,67.38010802294926
3603,49.62374671069183
3604,84.89021697063185
3605,71.46496647183434
3606,44.4545080726319
3607,30.3343034337638
3608,79.26703010176769
3609,52.00177625218959
3610,84.72920252984457
3611,48.717168517164446
3612,31.12364604552035
3613,99.31569741503438
3614,53.492428599590134
3615,23.25724093219076
3616,140.9442300106776
3617,55.067374622423635
3618,25.013141630148006
3619,56.82557256661113
3620,97.16463903582894
3621,59.7592236717135
3622,69.94652404871621
3623,42.20981873298943
3624,57.47970775552368
3625,52.36432048445257
3626,112.98093860676607
3627,59.085846761539464
3628,144.52384832567245
3629,82.84388139711739
3630,413.47228790650206
3631,82.08299349770803
3632,75.05727658579607
3633,12.237971309145976
3634,54.68413744584008
3635,130.27656992920896
3636,88.69478186629101
3637,458.3175640210078
3638,231.88395785108838
3639,62.78651095991434
3640,125.27276821809102
3641,38.66276230171013
3642,114.09326522985036
3643,67.034852795109
3644,141.8890933753595
3645,191.9590626402905
3646,49.70594623750675
3647,63.01209980374236
3648,355.5803145361058
3649,55.70279836801478
3650,277.96422532064554
3651,51.09475557292423
3652,443.2321164843397
3653,37.87592235861293
3654,138.26146356809593
3655,47.96171525054508
3656,-3.0247495508923388
3657,43.67894263551271
3658,64.21513281032264
3659,84.42465538494343
3660,53.84823346020006
3661,32.61615549782911
3662,90.03753639652004
3663,63.35221798327278
3664,127.61173344808833
3665,36.844682380781705
3666,34.41640425484535
3667,47.94780624145915
3668,54.95003456313765
3669,234.11292093370776
3670,35.66088403177416
3671,174.08770120468216
3672,84.15821201691165
3673,103.82396928326041
3674,48.64869941168803
3675,155.38557814564024
3676,62.975043003739
3677,36.4299007574424
3678,272.3592615125988
3679,155.1943892412375
3680,460.4282917361988
3681,59.79931471323815
3682,55.32305109258327
3683,110.63161025504682
3684,138.5845530985787
3685,49.08889112999648
3686,84.44209417952959
3687,12.161904498791337
3688,40.336738320894995
3689,60.44927499517516
3690,48.44312216474634
3691,29.095702876043745
3692,353.285296282555
3693,36.96160701329154
3694,476.2459043094384
3695,76.53577686205978
3696,54.25935592751742
3697,49.35652443726794
3698,105.91196370609708
3699,85.76848596804624
3700,52.92308459792817
3701,32.2582351475014
3702,93.48097132382145
3703,128.1559344092581
3704,43.376419355453876
3705,45.20657067940603
3706,39.07129390435801
3707,72.72008313322638
3708,90.1825871304642
3709,147.49359537929226
3710,101.0114750437296
3711,67.48662596808828
3712,47.38385952538938
3713,146.98150744502746
3714,56.761654565043386
3715,39.627302003095494
3716,27.742081188278
3717,45.180587633022824
3718,40.906678289729236
3719,34.41748146914154
3720,377.12287290006344
3721,91.6086489565817
3722,120.52277616867039
3723,44.04045875208493
3724,52.71792705883823
3725,42.451909846300694
3726,57.081731968085435
3727,26.666483222520608
3728,41.02380943803912
3729,70.25293982256639
3730,60.324038327795044
3731,53.44502086685631
3732,44.8692440150904
3733,51.68270390446068
3734,133.46546213785842
3735,44.48554740037294
3736,65.66322775075432
3737,48.82030716675244
3738,63.752588635873735
3739,50.18385609421259
3740,45.18808954983692
3741,47.66912000951943
3742,53.362012972021496
3743,39.96244842749698
3744,61.962430945139474
3745,57.0893455488097
3746,55.56023105370423
3747,241.32070250672336
3748,176.15496692881104
3749,81.86021454321445
3750,220.0437233087024
3751,35.26585373382519
3752,116.00556310620189
3753,63.61455969876657
3754,29.221437898256358
3755,112.89199274508988
3756,60.207666619864945
3757,82.16645492900952
3758,51.63796760111811
3759,61.061721294238325
3760,85.80331140726
3761,51.105998883369594
3762,48.91577247931792
3763,55.229701087836496
3764,32.92988099887832
3765,61.15541568636268
3766,49.50248603073114
3767,57.00479196817372
3768,67.46616415024319
3769,38.205142550586004
3770,45.30153897493511
3771,59.861566796113394
3772,55.73565092629323
3773,39.01698630577789
3774,42.73369520204265
3775,45.36638604978664
3776,59.907775570841586
3777,50.065703018008
3778,123.84712367403054
3779,35.541977048374065
3780,39.172350387316754
3781,45.36759691197703
3782,166.70802620240158
3783,315.0793582931627
3784,106.6985601879924
3785,108.32885193514002
3786,102.92671809249833
3787,46.806674595907644
3788,46.980663271742394
3789,67.02530980233112
3790,69.2824872571442
3791,75.07548173733866
3792,99.27065572159123
3793,58.53411626845296
3794,90.7504328900151
3795,49.275154691983616
3796,57.52252966466101
3797,62.93792236940768
3798,98.88143946059925
3799,105.40930140667476
3800,46.07399751509674
3801,40.512515152912286
3802,269.1888281253923
3803,242.4951945946275
3804,132.055339275807
3805,50.56777735153949
3806,48.36830549424951
3807,24.886033589642352
3808,95.1365411651808
3809,34.33677719364781
3810,94.85068046969032
3811,75.85175845211779
3812,66.2206200144561
3813,99.03587372358999
3814,101.14029940925812
3815,56.698371857901975
3816,347.82965606506195
3817,58.66845915666748
3818,92.99531634556837
3819,50.75037552277003
3820,54.32567799424086
3821,50.53997356233761
3822,23.599098362069086
3823,60.36960089098076
3824,57.92036510196965
3825,122.39458503631553
3826,42.82536451734279
3827,38.51088018044022
3828,51.90934982712463
3829,49.68368597935728
3830,78.54070507056123
3831,38.396459340682064
3832,71.44800083963028
3833,258.42881910711066
3834,46.998418616834584
3835,47.417839005470704
3836,118.64663608951858
3837,49.8954298861931
3838,71.40241714072539
3839,53.021862278912266
3840,104.93687615393142
3841,158.89273670310513
3842,34.65957171105722
3843,123.21888749551229
3844,47.839682554983824
3845,46.95399699155803
3846,67.6277673865361
3847,188.6977805184797
3848,54.41337514580406
3849,44.77593097450262
3850,36.07015227507172
3851,73.7252244528915
3852,30.562409798379164
3853,65.56854721855406
3854,76.47246531225434
3855,118.0956617187672
3856,53.61281160108754
3857,41.134944665038404
3858,100.42473637040533
3859,97.42898305866015
3860,49.08220917247327
3861,48.424994236058396
3862,66.6027105958909
3863,46.59072179411334
3864,41.40838377733708
3865,51.08081579386645
3866,224.3919328977476
3867,54.33429226640646
3868,46.444668262961535
3869,199.56427697257038
3870,25.052579062754642
3871,140.4614387273475
3872,190.57333067320434
3873,221.52187442440191
3874,75.77860552667718
3875,345.39707482322603
3876,87.3358680925748
3877,57.074127873793
3878,83.1766742707006
3879,63.52447079738728
3880,35.94378899352922
3881,40.687635820094236
3882,63.89201387035166
3883,60.50610065859112
3884,102.81457654266465
3885,67.12897751198201
3886,79.12468759749675
3887,136.33822425647668
3888,48.646980784913936
3889,14.006700133197697
3890,77.37382113133903
3891,63.509672600651804
3892,225.03065049730498
3893,80.25047607866898
3894,58.63691388967154
3895,91.8584744648723
3896,123.2869409071525
3897,48.662605046815955
3898,52.60720515369694
3899,38.78193963038643
3900,55.90415946734347
3901,56.47747994795286
3902,47.62554110280661
3903,135.8696397630473
3904,420.84420795348535
3905,47.466357101959936
3906,88.00790988425993
3907,54.62497522979666
3908,73.08903929476404
3909,52.160327417085355
3910,250.20700692081226
3911,55.31402139812026
3912,46.79291466805095
3913,277.09629779652073
3914,61.51165666324415
3915,88.24642152690338
3916,39.76375879939029
3917,67.7394980569087
3918,357.3995213945042
3919,82.72893905191428
3920,239.46386871619723
3921,40.242572570284224
3922,51.32565043939495
3923,51.341427076653325
3924,17.167497219526574
3925,40.44795025597492
3926,25.002238654305874
3927,77.0236694403053
3928,84.69439565864938
3929,63.24527412569023
3930,222.98314036294715
3931,52.014203583275204
3932,48.838739308083944
3933,55.001867759220985
3934,40.12216398212843
3935,54.03740200174291
3936,111.49288732663709
3937,181.4320741254748
3938,121.89963012146413
3939,277.12812264655736
3940,84.2853926883086
3941,51.24015800247832
3942,94.07865388394612
3943,9.069795877762854
3944,59.957160733394176
3945,56.21589435275109
3946,40.24960791845534
3947,162.64956360005715
3948,64.25634136188681
3949,59.060920697492264
3950,54.12476500120975
3951,302.3531892463029
3952,103.74028447016963
3953,47.32368884443278
3954,53.13899998403271
3955,62.27365250783761
3956,53.40290900720857
3957,124.37239156739972
3958,159.77889553060237
3959,117.79482375691919
3960,292.6104021503845
3961,51.29299861903526
3962,60.264869771992764
3963,52.05140763833316
3964,69.50839327937408
3965,291.6120172442229
3966,53.226002098901034
3967,49.349865722698766
3968,66.7402975892758
3969,151.8669340433952
3970,27.86494705614528
3971,234.42606815188725
3972,26.98368930289709
3973,33.33746974540425
3974,25.55909749997186
3975,102.46526442429371
3976,144.13043183122687
3977,54.49900742234476
3978,41.29603889097655
3979,54.25691664674351
3980,43.92875005413933
3981,48.83142937697646
3982,57.734696174241776
3983,56.90321099724284
3984,72.77634752977512
3985,47.563193916162405
3986,61.03710689947374
3987,94.79177802114086
3988,55.180927103743095
3989,56.747522826236036
3990,44.58890780972762
3991,41.53100807566335
3992,24.68659363930347
3993,160.91481376990308
3994,49.69610993860761
3995,126.05549698125617
3996,55.4979202953257
3997,62.149806490172466
3998,49.68289821812367
3999,80.16928314034396
4000,115.50858066561364
